item_id,name,priority,preferred_zone,placement,placement_note
1,Research_Samples,84,Storage_Bay,,
2,LED_Work_Light,90,Maintenance_Bay,,
3,Pressure_Regulator,16,Airlock,,
4,Emergency_Oxygen_Mask,42,Medical_Bay,,
5,Battery_Pack,93,External_Storage,,
6,Laptop,60,Command_Center,,
7,Emergency_Oxygen_Mask,5,Medical_Bay,,
8,CO2_Scrubber,92,Life_Support,,
9,Emergency_Oxygen_Mask,20,Crew_Quarters,,
10,Food_Packet,41,Storage_Bay,,
11,EV_Suit_Battery,94,Storage_Bay,,
12,Seed_Packets,39,Greenhouse,,
13,Tether_Reel,76,Airlock,,
14,First_Aid_Kit,22,Crew_Quarters,,
15,Fire_Extinguisher,18,Engineering_Bay,,
16,LED_Work_Light,92,Engineering_Bay,,
17,LED_Work_Light,79,Maintenance_Bay,,
18,Radiation_Shield,97,Engineering_Bay,,
19,CO2_Scrubber,11,Life_Support,,
20,Vacuum_Sealed_Tools,17,Storage_Bay,,
21,Space_Suit,24,Storage_Bay,,
22,Thruster_Fuel,74,Engine_Bay,,
23,Pressure_Regulator,88,Airlock,,
24,Radiation_Shield,80,Storage_Bay,,
25,Protein_Bars,86,Crew_Quarters,,
26,Vacuum_Sealed_Tools,93,Maintenance_Bay,,
27,CO2_Scrubber,11,Engineering_Bay,,
28,Seed_Packets,74,Lab,,
29,Oxygen_Cylinder,69,Medical_Bay,,
30,Handheld_Spectrometer,2,Engineering_Bay,,
31,Protein_Bars,36,Crew_Quarters,,
32,Handheld_Spectrometer,11,Lab,,
33,Microgravity_Lab_Kit,64,Crew_Quarters,,
34,Communication_Device,31,Crew_Quarters,,
35,Battery_Pack,93,External_Storage,,
36,Fire_Extinguisher,97,Crew_Quarters,,
37,Antibiotic_Supply,75,Lab,,
38,Microgravity_Lab_Kit,85,Crew_Quarters,,
39,Seed_Packets,13,Lab,,
40,Tether_Reel,22,External_Storage,,
41,Helmet_Visor,63,Storage_Bay,,
42,Water_Bottle,72,Storage_Bay,,
43,Circuit_Board,48,Storage_Bay,,
44,Navigation_Module,21,Command_Center,,
45,EV_Suit_Battery,88,Airlock,,
46,Thruster_Fuel,66,Storage_Bay,,
47,Vacuum_Sealed_Tools,69,Storage_Bay,,
48,Scientific_Sensor,79,Cockpit,,
49,Food_Packet,61,Crew_Quarters,,
50,Tool_Kit,83,Storage_Bay,,
51,Research_Samples,14,Lab,,
52,Protein_Bars,94,Storage_Bay,,
53,Handheld_Spectrometer,21,Engineering_Bay,,
54,Scientific_Sensor,84,Cockpit,,
55,First_Aid_Kit,87,Medical_Bay,,
56,Oxygen_Cylinder,25,Medical_Bay,,
57,Handheld_Spectrometer,88,Engineering_Bay,,
58,CO2_Scrubber,48,Engineering_Bay,,
59,Helmet_Visor,92,Storage_Bay,,
60,Tether_Reel,95,External_Storage,,
61,Research_Samples,60,Lab,,
62,Water_Bottle,20,Storage_Bay,,
63,Radiation_Shield,6,Engineering_Bay,,
64,Emergency_Beacon,13,Cockpit,,
65,Handheld_Spectrometer,69,Lab,,
66,Vacuum_Sealed_Tools,16,Maintenance_Bay,,
67,Scientific_Sensor,94,Cockpit,,
68,Seed_Packets,98,Greenhouse,,
69,Microgravity_Lab_Kit,41,Lab,,
70,Waste_Management_Kit,94,Engineering_Bay,,
71,Water_Bottle,64,Crew_Quarters,,
72,Battery_Pack,37,Power_Bay,,
73,Radiation_Shield,79,Engineering_Bay,,
74,Asteroid_Sample_Container,66,Storage_Bay,,
75,Emergency_Beacon,48,Cockpit,,
76,Space_Suit,17,Airlock,,
77,LED_Work_Light,75,Engineering_Bay,,
78,Tether_Reel,22,Airlock,,
79,CO2_Scrubber,100,Engineering_Bay,,
80,Communication_Device,51,Command_Center,,
81,First_Aid_Kit,99,Medical_Bay,,
82,Scientific_Sensor,28,Lab,,
83,Communication_Device,39,Command_Center,,
84,Food_Packet,94,Crew_Quarters,,
85,Gyroscope_Module,13,Engineering_Bay,,
86,Seed_Packets,70,Lab,,
87,Helmet_Visor,80,Crew_Quarters,,
88,Research_Samples,97,Lab,,
89,Helmet_Visor,9,Crew_Quarters,,
90,Antibiotic_Supply,21,Medical_Bay,,
91,Waste_Management_Kit,76,Engineering_Bay,,
92,CO2_Scrubber,67,Engineering_Bay,,
93,Communication_Device,5,Command_Center,,
94,Emergency_Beacon,37,Cockpit,,
95,Tool_Kit,8,Storage_Bay,,
96,Antibiotic_Supply,35,Medical_Bay,,
97,Water_Bottle,56,Crew_Quarters,,
98,Emergency_Beacon,95,Cockpit,,
99,CO2_Scrubber,41,Life_Support,,
100,CO2_Scrubber,41,Engineering_Bay,,
101,Battery_Pack,37,Power_Bay,,
102,Tether_Reel,28,Airlock,,
103,Thruster_Fuel,5,Engine_Bay,,
104,Gyroscope_Module,78,Cockpit,,
105,Space_Suit,62,Storage_Bay,,
106,Battery_Pack,7,Power_Bay,,
107,Circuit_Board,19,Engineering_Bay,,
108,First_Aid_Kit,76,Medical_Bay,,
109,3D_Printer,34,Engineering_Bay,,
110,Space_Suit,26,Storage_Bay,,
111,Water_Bottle,56,Crew_Quarters,,
112,LED_Work_Light,40,Maintenance_Bay,,
113,3D_Printer,34,Engineering_Bay,,
114,Thruster_Fuel,46,Engine_Bay,,
115,Water_Purification_Unit,4,Crew_Quarters,,
116,Emergency_Oxygen_Mask,35,Medical_Bay,,
117,Scientific_Sensor,76,Lab,,
118,Asteroid_Sample_Container,62,Lab,,
119,Laptop,14,Crew_Quarters,,
120,Emergency_Oxygen_Mask,25,Medical_Bay,,
121,Battery_Pack,77,External_Storage,,
122,Oxygen_Cylinder,18,Crew_Quarters,,
123,Protein_Bars,3,Crew_Quarters,,
124,Communication_Device,9,Crew_Quarters,,
125,Tool_Kit,26,Maintenance_Bay,,
126,Handheld_Spectrometer,83,Engineering_Bay,,
127,Communication_Device,32,Crew_Quarters,,
128,Laptop,37,Crew_Quarters,,
129,Medical_Scanner,42,Medical_Bay,,
130,Research_Samples,57,Storage_Bay,,
131,Radiation_Shield,52,Engineering_Bay,,
132,Protein_Bars,6,Storage_Bay,,
133,Microgravity_Lab_Kit,31,Crew_Quarters,,
134,Thruster_Fuel,35,Storage_Bay,,
135,EV_Suit_Battery,93,Storage_Bay,,
136,Oxygen_Cylinder,67,Medical_Bay,,
137,Radiation_Shield,69,Storage_Bay,,
138,Emergency_Oxygen_Mask,24,Medical_Bay,,
139,Space_Suit,56,Airlock,,
140,Asteroid_Sample_Container,77,Storage_Bay,,
141,Tool_Kit,92,Storage_Bay,,
142,Battery_Pack,82,External_Storage,,
143,Fire_Extinguisher,73,Crew_Quarters,,
144,Water_Purification_Unit,63,Life_Support,,
145,Medical_Scanner,83,Lab,,
146,Lab_Microscope,98,Lab,,
147,Food_Packet,10,Storage_Bay,,
148,Waste_Management_Kit,55,Sanitation_Bay,,
149,CO2_Scrubber,10,Engineering_Bay,,
150,Seed_Packets,93,Lab,,
151,Seed_Packets,5,Greenhouse,,
152,Research_Samples,95,Storage_Bay,,
153,Waste_Management_Kit,80,Sanitation_Bay,,
154,Antibiotic_Supply,54,Lab,,
155,LED_Work_Light,60,Maintenance_Bay,,
156,Battery_Pack,98,External_Storage,,
157,Radiation_Shield,18,Storage_Bay,,
158,Laptop,90,Crew_Quarters,,
159,Gyroscope_Module,88,Engineering_Bay,,
160,LED_Work_Light,1,Engineering_Bay,,
161,Space_Suit,64,Airlock,,
162,Navigation_Module,76,Cockpit,,
163,EV_Suit_Battery,85,Airlock,,
164,Handheld_Spectrometer,26,Lab,,
165,Oxygen_Cylinder,96,Crew_Quarters,,
166,Cooling_System,53,Power_Bay,,
167,Thruster_Fuel,65,Engine_Bay,,
168,Emergency_Beacon,79,Cockpit,,
169,Microgravity_Lab_Kit,54,Lab,,
170,First_Aid_Kit,68,Crew_Quarters,,
171,Cooling_System,9,Engineering_Bay,,
172,Solar_Panel,18,Power_Bay,,
173,EV_Suit_Battery,56,Airlock,,
174,Seed_Packets,13,Lab,,
175,Navigation_Module,32,Command_Center,,
176,Solar_Panel,35,Power_Bay,,
177,Navigation_Module,91,Cockpit,,
178,Seed_Packets,9,Greenhouse,,
179,Antibiotic_Supply,37,Medical_Bay,,
180,Protein_Bars,41,Storage_Bay,,
181,Handheld_Spectrometer,52,Lab,,
182,Antibiotic_Supply,25,Lab,,
183,Battery_Pack,100,External_Storage,,
184,Solar_Panel,76,External_Storage,,
185,Emergency_Oxygen_Mask,99,Crew_Quarters,,
186,Food_Packet,91,Storage_Bay,,
187,First_Aid_Kit,61,Crew_Quarters,,
188,Research_Samples,91,Storage_Bay,,
189,Water_Bottle,90,Storage_Bay,,
190,Cooling_System,57,Power_Bay,,
191,Pressure_Regulator,65,Airlock,,
192,Waste_Management_Kit,95,Engineering_Bay,,
193,Lab_Microscope,8,Medical_Bay,,
194,Waste_Management_Kit,82,Engineering_Bay,,
195,Antibiotic_Supply,51,Lab,,
196,Water_Bottle,13,Storage_Bay,,
197,Communication_Device,95,Crew_Quarters,,
198,Battery_Pack,94,Power_Bay,,
199,Battery_Pack,59,Power_Bay,,
200,CO2_Scrubber,87,Engineering_Bay,,
201,Thruster_Fuel,77,Storage_Bay,,
202,Gyroscope_Module,94,Cockpit,,
203,Antibiotic_Supply,9,Lab,,
204,Asteroid_Sample_Container,70,Lab,,
205,Medical_Scanner,55,Medical_Bay,,
206,Cooling_System,2,Engineering_Bay,,
207,Water_Bottle,17,Crew_Quarters,,
208,Vacuum_Sealed_Tools,26,Maintenance_Bay,,
209,Gyroscope_Module,88,Engineering_Bay,,
210,Lab_Microscope,100,Lab,,
211,Communication_Device,91,Command_Center,,
212,Helmet_Visor,11,Crew_Quarters,,
213,Water_Purification_Unit,48,Life_Support,,
214,EV_Suit_Battery,98,Storage_Bay,,
215,LED_Work_Light,96,Maintenance_Bay,,
216,Radiation_Shield,4,Storage_Bay,,
217,Vacuum_Sealed_Tools,4,Storage_Bay,,
218,Handheld_Spectrometer,20,Lab,,
219,Antibiotic_Supply,100,Lab,,
220,EV_Suit_Battery,85,Storage_Bay,,
221,Navigation_Module,70,Command_Center,,
222,Emergency_Oxygen_Mask,62,Medical_Bay,,
223,Pressure_Regulator,98,Engineering_Bay,,
224,Oxygen_Cylinder,90,Medical_Bay,,
225,Battery_Pack,5,Power_Bay,,
226,Vacuum_Sealed_Tools,74,Maintenance_Bay,,
227,Oxygen_Cylinder,11,Medical_Bay,,
228,EV_Suit_Battery,60,Storage_Bay,,
229,Tether_Reel,82,Airlock,,
230,Space_Suit,5,Storage_Bay,,
231,Cooling_System,11,Engineering_Bay,,
232,Navigation_Module,85,Command_Center,,
233,Pressure_Regulator,60,Airlock,,
234,Helmet_Visor,19,Crew_Quarters,,
235,Handheld_Spectrometer,15,Engineering_Bay,,
236,Scientific_Sensor,59,Lab,,
237,Radiation_Shield,59,Engineering_Bay,,
238,Protein_Bars,39,Storage_Bay,,
239,Lab_Microscope,39,Lab,,
240,Circuit_Board,6,Engineering_Bay,,
241,Asteroid_Sample_Container,97,Lab,,
242,Gyroscope_Module,72,Engineering_Bay,,
243,Tether_Reel,56,Airlock,,
244,Seed_Packets,90,Lab,,
245,Medical_Scanner,67,Lab,,
246,Protein_Bars,12,Crew_Quarters,,
247,Fire_Extinguisher,15,Crew_Quarters,,
248,Handheld_Spectrometer,20,Engineering_Bay,,
249,CO2_Scrubber,64,Life_Support,,
250,Circuit_Board,75,Engineering_Bay,,
251,Oxygen_Cylinder,61,Airlock,,
252,Circuit_Board,78,Storage_Bay,,
253,Radiation_Shield,71,Engineering_Bay,,
254,Tether_Reel,21,Airlock,,
255,3D_Printer,86,Engineering_Bay,,
256,Medical_Scanner,2,Lab,,
257,Communication_Device,39,Crew_Quarters,,
258,Fire_Extinguisher,8,Engineering_Bay,,
259,3D_Printer,95,Lab,,
260,Pressure_Regulator,70,Engineering_Bay,,
261,Antibiotic_Supply,14,Medical_Bay,,
262,Protein_Bars,65,Crew_Quarters,,
263,Microgravity_Lab_Kit,29,Lab,,
264,Lab_Microscope,85,Lab,,
265,3D_Printer,52,Engineering_Bay,,
266,Tool_Kit,27,Storage_Bay,,
267,Tool_Kit,81,Storage_Bay,,
268,Protein_Bars,43,Crew_Quarters,,
269,Seed_Packets,40,Lab,,
270,Communication_Device,17,Command_Center,,
271,Microgravity_Lab_Kit,65,Crew_Quarters,,
272,Food_Packet,7,Storage_Bay,,
273,Gyroscope_Module,52,Cockpit,,
274,Research_Samples,73,Lab,,
275,Tether_Reel,31,Airlock,,
276,Emergency_Beacon,54,Command_Center,,
277,Protein_Bars,46,Storage_Bay,,
278,Scientific_Sensor,100,Lab,,
279,Oxygen_Cylinder,60,Crew_Quarters,,
280,Communication_Device,51,Crew_Quarters,,
281,Emergency_Oxygen_Mask,72,Medical_Bay,,
282,Communication_Device,83,Crew_Quarters,,
283,Battery_Pack,32,External_Storage,,
284,Emergency_Oxygen_Mask,20,Medical_Bay,,
285,Helmet_Visor,81,Crew_Quarters,,
286,Food_Packet,84,Crew_Quarters,,
287,Food_Packet,94,Storage_Bay,,
288,Emergency_Beacon,39,Cockpit,,
289,CO2_Scrubber,19,Engineering_Bay,,
290,Microgravity_Lab_Kit,50,Lab,,
291,Lab_Microscope,96,Medical_Bay,,
292,Fire_Extinguisher,22,Engineering_Bay,,
293,Antibiotic_Supply,38,Lab,,
294,Medical_Scanner,41,Medical_Bay,,
295,Space_Suit,33,Storage_Bay,,
296,Water_Purification_Unit,4,Crew_Quarters,,
297,Laptop,11,Command_Center,,
298,Fire_Extinguisher,14,Crew_Quarters,,
299,Tether_Reel,60,Airlock,,
300,First_Aid_Kit,41,Medical_Bay,,
301,Cooling_System,51,Engineering_Bay,,
302,Gyroscope_Module,13,Cockpit,,
303,CO2_Scrubber,19,Life_Support,,
304,Scientific_Sensor,47,Lab,,
305,Asteroid_Sample_Container,22,Storage_Bay,,
306,Laptop,45,Crew_Quarters,,
307,Circuit_Board,5,Engineering_Bay,,
308,Radiation_Shield,73,Storage_Bay,,
309,LED_Work_Light,79,Maintenance_Bay,,
310,Tether_Reel,33,External_Storage,,
311,Emergency_Oxygen_Mask,49,Medical_Bay,,
312,Tool_Kit,48,Maintenance_Bay,,
313,Pressure_Regulator,93,Engineering_Bay,,
314,Tool_Kit,82,Storage_Bay,,
315,Emergency_Oxygen_Mask,30,Medical_Bay,,
316,Gyroscope_Module,34,Engineering_Bay,,
317,Tool_Kit,35,Storage_Bay,,
318,Asteroid_Sample_Container,8,Storage_Bay,,
319,Battery_Pack,24,External_Storage,,
320,Communication_Device,56,Crew_Quarters,,
321,Radiation_Shield,14,Engineering_Bay,,
322,Solar_Panel,86,Power_Bay,,
323,Cooling_System,48,Power_Bay,,
324,Helmet_Visor,6,Crew_Quarters,,
325,Fire_Extinguisher,22,Crew_Quarters,,
326,Antibiotic_Supply,98,Medical_Bay,,
327,Research_Samples,5,Lab,,
328,Food_Packet,76,Crew_Quarters,,
329,Handheld_Spectrometer,75,Lab,,
330,Asteroid_Sample_Container,73,Storage_Bay,,
331,Navigation_Module,31,Cockpit,,
332,Water_Purification_Unit,24,Crew_Quarters,,
333,Water_Purification_Unit,90,Crew_Quarters,,
334,First_Aid_Kit,23,Medical_Bay,,
335,EV_Suit_Battery,52,Airlock,,
336,Space_Suit,27,Storage_Bay,,
337,Battery_Pack,6,Power_Bay,,
338,Navigation_Module,9,Cockpit,,
339,Water_Bottle,25,Crew_Quarters,,
340,Water_Purification_Unit,99,Life_Support,,
341,Space_Suit,26,Airlock,,
342,Radiation_Shield,17,Storage_Bay,,
343,Water_Purification_Unit,100,Life_Support,,
344,Thruster_Fuel,2,Storage_Bay,,
345,3D_Printer,41,Engineering_Bay,,
346,Scientific_Sensor,85,Lab,,
347,Food_Packet,96,Storage_Bay,,
348,Protein_Bars,50,Crew_Quarters,,
349,Antibiotic_Supply,78,Medical_Bay,,
350,Food_Packet,48,Storage_Bay,,
351,3D_Printer,28,Engineering_Bay,,
352,Helmet_Visor,45,Crew_Quarters,,
353,Emergency_Oxygen_Mask,49,Crew_Quarters,,
354,Emergency_Oxygen_Mask,71,Medical_Bay,,
355,Protein_Bars,16,Storage_Bay,,
356,Waste_Management_Kit,58,Sanitation_Bay,,
357,Vacuum_Sealed_Tools,33,Storage_Bay,,
358,Battery_Pack,1,Power_Bay,,
359,Medical_Scanner,29,Lab,,
360,Waste_Management_Kit,4,Sanitation_Bay,,
361,Battery_Pack,98,Power_Bay,,
362,Seed_Packets,63,Greenhouse,,
363,Lab_Microscope,21,Medical_Bay,,
364,EV_Suit_Battery,15,Storage_Bay,,
365,Helmet_Visor,22,Storage_Bay,,
366,Battery_Pack,67,Power_Bay,,
367,Circuit_Board,19,Engineering_Bay,,
368,Asteroid_Sample_Container,73,Lab,,
369,Circuit_Board,79,Storage_Bay,,
370,Communication_Device,3,Command_Center,,
371,Microgravity_Lab_Kit,51,Crew_Quarters,,
372,Gyroscope_Module,28,Cockpit,,
373,Cooling_System,27,Engineering_Bay,,
374,Vacuum_Sealed_Tools,70,Maintenance_Bay,,
375,Lab_Microscope,97,Lab,,
376,Communication_Device,11,Crew_Quarters,,
377,Oxygen_Cylinder,87,Airlock,,
378,Circuit_Board,26,Storage_Bay,,
379,Scientific_Sensor,49,Lab,,
380,3D_Printer,12,Lab,,
381,Communication_Device,41,Crew_Quarters,,
382,3D_Printer,53,Engineering_Bay,,
383,Medical_Scanner,24,Lab,,
384,Radiation_Shield,34,Storage_Bay,,
385,Circuit_Board,3,Engineering_Bay,,
386,EV_Suit_Battery,17,Airlock,,
387,Water_Bottle,7,Storage_Bay,,
388,Radiation_Shield,95,Storage_Bay,,
389,Antibiotic_Supply,71,Medical_Bay,,
390,Space_Suit,32,Airlock,,
391,EV_Suit_Battery,19,Storage_Bay,,
392,EV_Suit_Battery,96,Airlock,,
393,Antibiotic_Supply,23,Medical_Bay,,
394,Circuit_Board,22,Engineering_Bay,,
395,Microgravity_Lab_Kit,72,Lab,,
396,LED_Work_Light,89,Maintenance_Bay,,
397,Communication_Device,91,Crew_Quarters,,
398,Oxygen_Cylinder,9,Crew_Quarters,,
399,Handheld_Spectrometer,23,Lab,,
400,Communication_Device,58,Crew_Quarters,,
401,LED_Work_Light,100,Engineering_Bay,,
402,CO2_Scrubber,86,Life_Support,,
403,Cooling_System,45,Engineering_Bay,,
404,First_Aid_Kit,67,Crew_Quarters,,
405,Cooling_System,56,Engineering_Bay,,
406,Thruster_Fuel,66,Storage_Bay,,
407,Emergency_Beacon,59,Command_Center,,
408,Gyroscope_Module,74,Engineering_Bay,,
409,Water_Purification_Unit,99,Life_Support,,
410,Microgravity_Lab_Kit,56,Crew_Quarters,,
411,Communication_Device,88,Command_Center,,
412,Scientific_Sensor,83,Cockpit,,
413,Waste_Management_Kit,6,Sanitation_Bay,,
414,Asteroid_Sample_Container,80,Storage_Bay,,
415,Circuit_Board,60,Engineering_Bay,,
416,LED_Work_Light,70,Maintenance_Bay,,
417,LED_Work_Light,97,Maintenance_Bay,,
418,Gyroscope_Module,51,Engineering_Bay,,
419,Microgravity_Lab_Kit,57,Lab,,
420,Radiation_Shield,73,Storage_Bay,,
421,Seed_Packets,68,Greenhouse,,
422,Pressure_Regulator,6,Engineering_Bay,,
423,Tether_Reel,64,Airlock,,
424,Helmet_Visor,8,Crew_Quarters,,
425,Microgravity_Lab_Kit,23,Lab,,
426,Water_Bottle,85,Crew_Quarters,,
427,Tether_Reel,60,External_Storage,,
428,Antibiotic_Supply,78,Lab,,
429,Battery_Pack,78,External_Storage,,
430,3D_Printer,31,Lab,,
431,Pressure_Regulator,6,Engineering_Bay,,
432,Cooling_System,52,Engineering_Bay,,
433,Thruster_Fuel,88,Storage_Bay,,
434,First_Aid_Kit,12,Crew_Quarters,,
435,Microgravity_Lab_Kit,13,Crew_Quarters,,
436,Asteroid_Sample_Container,44,Lab,,
437,Lab_Microscope,82,Lab,,
438,Waste_Management_Kit,7,Engineering_Bay,,
439,Emergency_Beacon,74,Command_Center,,
440,Emergency_Beacon,53,Command_Center,,
441,Battery_Pack,40,External_Storage,,
442,First_Aid_Kit,21,Medical_Bay,,
443,Solar_Panel,4,Power_Bay,,
444,Protein_Bars,97,Crew_Quarters,,
445,Handheld_Spectrometer,59,Lab,,
446,Navigation_Module,64,Command_Center,,
447,Navigation_Module,87,Cockpit,,
448,Radiation_Shield,74,Engineering_Bay,,
449,Seed_Packets,37,Lab,,
450,Pressure_Regulator,13,Airlock,,
451,Fire_Extinguisher,85,Engineering_Bay,,
452,Water_Purification_Unit,57,Life_Support,,
453,LED_Work_Light,57,Maintenance_Bay,,
454,Handheld_Spectrometer,38,Lab,,
455,Thruster_Fuel,70,Engine_Bay,,
456,Water_Purification_Unit,96,Life_Support,,
457,3D_Printer,10,Engineering_Bay,,
458,Laptop,52,Command_Center,,
459,Lab_Microscope,8,Lab,,
460,Thruster_Fuel,55,Engine_Bay,,
461,Waste_Management_Kit,21,Sanitation_Bay,,
462,Communication_Device,74,Command_Center,,
463,Seed_Packets,84,Lab,,
464,First_Aid_Kit,34,Crew_Quarters,,
465,CO2_Scrubber,70,Life_Support,,
466,Circuit_Board,93,Engineering_Bay,,
467,Handheld_Spectrometer,37,Lab,,
468,Radiation_Shield,18,Engineering_Bay,,
469,Solar_Panel,42,External_Storage,,
470,CO2_Scrubber,89,Life_Support,,
471,3D_Printer,7,Lab,,
472,Microgravity_Lab_Kit,86,Lab,,
473,EV_Suit_Battery,74,Storage_Bay,,
474,Laptop,51,Crew_Quarters,,
475,Gyroscope_Module,14,Cockpit,,
476,Emergency_Beacon,39,Cockpit,,
477,EV_Suit_Battery,73,Storage_Bay,,
478,Circuit_Board,25,Storage_Bay,,
479,Waste_Management_Kit,49,Sanitation_Bay,,
480,Communication_Device,56,Command_Center,,
481,Emergency_Beacon,83,Command_Center,,
482,Navigation_Module,84,Cockpit,,
483,Microgravity_Lab_Kit,93,Lab,,
484,CO2_Scrubber,84,Engineering_Bay,,
485,Cooling_System,62,Engineering_Bay,,
486,Research_Samples,38,Storage_Bay,,
487,Laptop,19,Command_Center,,
488,Cooling_System,2,Engineering_Bay,,
489,Pressure_Regulator,53,Engineering_Bay,,
490,Vacuum_Sealed_Tools,100,Storage_Bay,,
491,3D_Printer,29,Lab,,
492,Gyroscope_Module,76,Cockpit,,
493,Asteroid_Sample_Container,92,Storage_Bay,,
494,Space_Suit,13,Storage_Bay,,
495,Fire_Extinguisher,56,Engineering_Bay,,
496,Gyroscope_Module,50,Cockpit,,
497,Cooling_System,89,Engineering_Bay,,
498,Research_Samples,93,Lab,,
499,3D_Printer,63,Lab,,
500,Protein_Bars,1,Crew_Quarters,,
501,CO2_Scrubber,29,Life_Support,,
502,Vacuum_Sealed_Tools,85,Storage_Bay,,
503,Tool_Kit,46,Storage_Bay,,
504,Circuit_Board,20,Engineering_Bay,,
505,Food_Packet,38,Storage_Bay,,
506,Research_Samples,31,Lab,,
507,Space_Suit,76,Airlock,,
508,Pressure_Regulator,48,Engineering_Bay,,
509,Pressure_Regulator,86,Engineering_Bay,,
510,First_Aid_Kit,92,Crew_Quarters,,
511,Navigation_Module,5,Command_Center,,
512,Water_Bottle,96,Crew_Quarters,,
513,Medical_Scanner,73,Lab,,
514,Oxygen_Cylinder,26,Medical_Bay,,
515,Tool_Kit,53,Maintenance_Bay,,
516,Helmet_Visor,59,Crew_Quarters,,
517,Emergency_Oxygen_Mask,35,Crew_Quarters,,
518,Antibiotic_Supply,51,Lab,,
519,Tether_Reel,77,Airlock,,
520,Solar_Panel,25,Power_Bay,,
521,Water_Bottle,79,Crew_Quarters,,
522,Communication_Device,82,Command_Center,,
523,EV_Suit_Battery,37,Storage_Bay,,
524,Space_Suit,12,Airlock,,
525,Gyroscope_Module,10,Engineering_Bay,,
526,Cooling_System,87,Engineering_Bay,,
527,Water_Bottle,42,Storage_Bay,,
528,Research_Samples,90,Storage_Bay,,
529,Emergency_Oxygen_Mask,87,Crew_Quarters,,
530,Vacuum_Sealed_Tools,46,Storage_Bay,,
531,Lab_Microscope,44,Medical_Bay,,
532,Pressure_Regulator,17,Engineering_Bay,,
533,Pressure_Regulator,64,Engineering_Bay,,
534,Space_Suit,28,Storage_Bay,,
535,Emergency_Oxygen_Mask,22,Medical_Bay,,
536,First_Aid_Kit,79,Medical_Bay,,
537,Oxygen_Cylinder,48,Crew_Quarters,,
538,Fire_Extinguisher,76,Engineering_Bay,,
539,Medical_Scanner,67,Lab,,
540,Tool_Kit,77,Maintenance_Bay,,
541,EV_Suit_Battery,41,Airlock,,
542,Solar_Panel,49,External_Storage,,
543,Vacuum_Sealed_Tools,43,Maintenance_Bay,,
544,Lab_Microscope,63,Lab,,
545,Circuit_Board,68,Engineering_Bay,,
546,Thruster_Fuel,43,Engine_Bay,,
547,3D_Printer,92,Lab,,
548,Cooling_System,34,Power_Bay,,
549,Radiation_Shield,89,Storage_Bay,,
550,CO2_Scrubber,40,Engineering_Bay,,
551,Research_Samples,21,Lab,,
552,Protein_Bars,83,Storage_Bay,,
553,Protein_Bars,84,Storage_Bay,,
554,Tether_Reel,31,External_Storage,,
555,Medical_Scanner,58,Medical_Bay,,
556,Laptop,76,Command_Center,,
557,Tool_Kit,65,Storage_Bay,,
558,Communication_Device,71,Crew_Quarters,,
559,Tool_Kit,79,Storage_Bay,,
560,Research_Samples,2,Storage_Bay,,
561,EV_Suit_Battery,83,Storage_Bay,,
562,LED_Work_Light,30,Engineering_Bay,,
563,Protein_Bars,59,Storage_Bay,,
564,Thruster_Fuel,45,Storage_Bay,,
565,Thruster_Fuel,61,Engine_Bay,,
566,Thruster_Fuel,6,Engine_Bay,,
567,Helmet_Visor,15,Crew_Quarters,,
568,Communication_Device,37,Command_Center,,
569,Water_Purification_Unit,90,Life_Support,,
570,Communication_Device,93,Command_Center,,
571,Battery_Pack,59,External_Storage,,
572,LED_Work_Light,67,Engineering_Bay,,
573,Protein_Bars,26,Crew_Quarters,,
574,Microgravity_Lab_Kit,87,Crew_Quarters,,
575,Tether_Reel,29,Airlock,,
576,Scientific_Sensor,62,Cockpit,,
577,Navigation_Module,61,Cockpit,,
578,Emergency_Oxygen_Mask,49,Medical_Bay,,
579,3D_Printer,18,Lab,,
580,Helmet_Visor,64,Crew_Quarters,,
581,First_Aid_Kit,65,Crew_Quarters,,
582,Communication_Device,59,Crew_Quarters,,
583,Research_Samples,42,Storage_Bay,,
584,Battery_Pack,63,External_Storage,,
585,Emergency_Oxygen_Mask,64,Crew_Quarters,,
586,Gyroscope_Module,61,Engineering_Bay,,
587,Medical_Scanner,63,Medical_Bay,,
588,Waste_Management_Kit,55,Sanitation_Bay,,
589,Research_Samples,95,Storage_Bay,,
590,Protein_Bars,94,Storage_Bay,,
591,Laptop,34,Command_Center,,
592,Emergency_Beacon,18,Cockpit,,
593,Oxygen_Cylinder,35,Medical_Bay,,
594,Oxygen_Cylinder,55,Crew_Quarters,,
595,Fire_Extinguisher,83,Crew_Quarters,,
596,3D_Printer,72,Lab,,
597,First_Aid_Kit,43,Medical_Bay,,
598,Lab_Microscope,71,Medical_Bay,,
599,EV_Suit_Battery,7,Airlock,,
600,Fire_Extinguisher,62,Crew_Quarters,,
601,Tether_Reel,12,Airlock,,
602,Laptop,35,Crew_Quarters,,
603,First_Aid_Kit,42,Medical_Bay,,
604,Cooling_System,11,Power_Bay,,
605,Navigation_Module,74,Command_Center,,
606,Emergency_Oxygen_Mask,96,Crew_Quarters,,
607,Communication_Device,10,Command_Center,,
608,Battery_Pack,63,Power_Bay,,
609,Handheld_Spectrometer,11,Lab,,
610,Helmet_Visor,68,Crew_Quarters,,
611,Vacuum_Sealed_Tools,48,Maintenance_Bay,,
612,Scientific_Sensor,90,Lab,,
613,Seed_Packets,68,Lab,,
614,Cooling_System,48,Engineering_Bay,,
615,Laptop,42,Crew_Quarters,,
616,Lab_Microscope,35,Lab,,
617,Oxygen_Cylinder,68,Medical_Bay,,
618,Gyroscope_Module,82,Cockpit,,
619,Navigation_Module,47,Cockpit,,
620,Food_Packet,22,Storage_Bay,,
621,Water_Bottle,85,Crew_Quarters,,
622,Food_Packet,6,Crew_Quarters,,
623,Handheld_Spectrometer,35,Lab,,
624,Laptop,34,Command_Center,,
625,Space_Suit,36,Storage_Bay,,
626,Space_Suit,44,Storage_Bay,,
627,Vacuum_Sealed_Tools,16,Storage_Bay,,
628,Helmet_Visor,12,Storage_Bay,,
629,Tether_Reel,30,External_Storage,,
630,Tool_Kit,82,Storage_Bay,,
631,LED_Work_Light,88,Maintenance_Bay,,
632,Asteroid_Sample_Container,72,Storage_Bay,,
633,Antibiotic_Supply,94,Lab,,
634,Medical_Scanner,14,Lab,,
635,Food_Packet,38,Storage_Bay,,
636,Tool_Kit,60,Storage_Bay,,
637,Scientific_Sensor,83,Cockpit,,
638,Battery_Pack,15,Power_Bay,,
639,Circuit_Board,29,Storage_Bay,,
640,Space_Suit,70,Airlock,,
641,Navigation_Module,57,Command_Center,,
642,Fire_Extinguisher,49,Crew_Quarters,,
643,Space_Suit,19,Airlock,,
644,Communication_Device,81,Crew_Quarters,,
645,Circuit_Board,75,Storage_Bay,,
646,Navigation_Module,62,Command_Center,,
647,Tether_Reel,71,Airlock,,
648,Research_Samples,64,Lab,,
649,Handheld_Spectrometer,81,Lab,,
650,LED_Work_Light,28,Engineering_Bay,,
651,Communication_Device,50,Command_Center,,
652,Protein_Bars,52,Crew_Quarters,,
653,Seed_Packets,88,Greenhouse,,
654,Space_Suit,9,Storage_Bay,,
655,3D_Printer,86,Lab,,
656,Radiation_Shield,41,Storage_Bay,,
657,Handheld_Spectrometer,46,Lab,,
658,Tether_Reel,88,Airlock,,
659,Circuit_Board,86,Engineering_Bay,,
660,Research_Samples,15,Lab,,
661,Vacuum_Sealed_Tools,15,Storage_Bay,,
662,Battery_Pack,89,Power_Bay,,
663,Food_Packet,59,Storage_Bay,,
664,Asteroid_Sample_Container,91,Storage_Bay,,
665,Handheld_Spectrometer,36,Lab,,
666,Tether_Reel,59,Airlock,,
667,Emergency_Oxygen_Mask,36,Medical_Bay,,
668,Water_Purification_Unit,24,Life_Support,,
669,Lab_Microscope,80,Medical_Bay,,
670,Seed_Packets,35,Greenhouse,,
671,Helmet_Visor,98,Storage_Bay,,
672,First_Aid_Kit,34,Medical_Bay,,
673,CO2_Scrubber,16,Life_Support,,
674,Seed_Packets,83,Lab,,
675,Water_Purification_Unit,16,Crew_Quarters,,
676,Asteroid_Sample_Container,47,Lab,,
677,Protein_Bars,41,Crew_Quarters,,
678,Gyroscope_Module,98,Engineering_Bay,,
679,Laptop,38,Crew_Quarters,,
680,Water_Purification_Unit,11,Crew_Quarters,,
681,Pressure_Regulator,31,Airlock,,
682,Emergency_Beacon,67,Cockpit,,
683,Gyroscope_Module,75,Cockpit,,
684,Waste_Management_Kit,76,Engineering_Bay,,
685,Navigation_Module,19,Cockpit,,
686,Protein_Bars,44,Crew_Quarters,,
687,Tool_Kit,49,Storage_Bay,,
688,Thruster_Fuel,33,Engine_Bay,,
689,Thruster_Fuel,36,Engine_Bay,,
690,CO2_Scrubber,84,Engineering_Bay,,
691,Space_Suit,49,Storage_Bay,,
692,Cooling_System,64,Engineering_Bay,,
693,Fire_Extinguisher,97,Crew_Quarters,,
694,Circuit_Board,3,Storage_Bay,,
695,Food_Packet,63,Storage_Bay,,
696,Oxygen_Cylinder,89,Crew_Quarters,,
697,Navigation_Module,44,Cockpit,,
698,Seed_Packets,18,Greenhouse,,
699,Battery_Pack,75,Power_Bay,,
700,First_Aid_Kit,60,Crew_Quarters,,
701,Scientific_Sensor,82,Lab,,
702,Space_Suit,66,Storage_Bay,,
703,Solar_Panel,87,Power_Bay,,
704,Asteroid_Sample_Container,13,Storage_Bay,,
705,Emergency_Beacon,59,Cockpit,,
706,Food_Packet,40,Crew_Quarters,,
707,Scientific_Sensor,21,Lab,,
708,Circuit_Board,69,Engineering_Bay,,
709,Water_Bottle,1,Crew_Quarters,,
710,Waste_Management_Kit,63,Engineering_Bay,,
711,Gyroscope_Module,58,Engineering_Bay,,
712,Pressure_Regulator,76,Airlock,,
713,Pressure_Regulator,93,Airlock,,
714,Microgravity_Lab_Kit,1,Lab,,
715,Battery_Pack,49,External_Storage,,
716,Emergency_Beacon,64,Command_Center,,
717,Handheld_Spectrometer,2,Engineering_Bay,,
718,Water_Bottle,42,Storage_Bay,,
719,Space_Suit,9,Storage_Bay,,
720,EV_Suit_Battery,78,Airlock,,
721,Waste_Management_Kit,44,Engineering_Bay,,
722,LED_Work_Light,3,Engineering_Bay,,
723,Solar_Panel,22,Power_Bay,,
724,Antibiotic_Supply,17,Lab,,
725,Circuit_Board,20,Storage_Bay,,
726,3D_Printer,45,Lab,,
727,CO2_Scrubber,33,Engineering_Bay,,
728,Pressure_Regulator,67,Engineering_Bay,,
729,Solar_Panel,86,External_Storage,,
730,LED_Work_Light,72,Engineering_Bay,,
731,Battery_Pack,14,Power_Bay,,
732,Medical_Scanner,47,Lab,,
733,Thruster_Fuel,16,Engine_Bay,,
734,Oxygen_Cylinder,15,Medical_Bay,,
735,Communication_Device,50,Crew_Quarters,,
736,Antibiotic_Supply,21,Lab,,
737,Antibiotic_Supply,61,Lab,,
738,Communication_Device,54,Crew_Quarters,,
739,First_Aid_Kit,94,Crew_Quarters,,
740,Waste_Management_Kit,24,Sanitation_Bay,,
741,Tether_Reel,13,External_Storage,,
742,Waste_Management_Kit,72,Sanitation_Bay,,
743,Vacuum_Sealed_Tools,88,Storage_Bay,,
744,Tether_Reel,62,Airlock,,
745,Circuit_Board,17,Storage_Bay,,
746,EV_Suit_Battery,10,Storage_Bay,,
747,Food_Packet,65,Storage_Bay,,
748,Medical_Scanner,16,Lab,,
749,Oxygen_Cylinder,83,Medical_Bay,,
750,Seed_Packets,6,Lab,,
751,Handheld_Spectrometer,48,Lab,,
752,Laptop,45,Command_Center,,
753,Protein_Bars,74,Crew_Quarters,,
754,Emergency_Oxygen_Mask,23,Crew_Quarters,,
755,Food_Packet,92,Crew_Quarters,,
756,LED_Work_Light,34,Maintenance_Bay,,
757,Helmet_Visor,24,Crew_Quarters,,
758,Laptop,28,Command_Center,,
759,Vacuum_Sealed_Tools,82,Maintenance_Bay,,
760,Tether_Reel,58,Airlock,,
761,Cooling_System,37,Power_Bay,,
762,Medical_Scanner,11,Medical_Bay,,
763,3D_Printer,6,Engineering_Bay,,
764,Vacuum_Sealed_Tools,37,Storage_Bay,,
765,Radiation_Shield,36,Engineering_Bay,,
766,Circuit_Board,65,Engineering_Bay,,
767,Microgravity_Lab_Kit,98,Crew_Quarters,,
768,Emergency_Oxygen_Mask,51,Medical_Bay,,
769,Fire_Extinguisher,60,Crew_Quarters,,
770,Research_Samples,86,Lab,,
771,First_Aid_Kit,89,Crew_Quarters,,
772,Circuit_Board,22,Storage_Bay,,
773,Fire_Extinguisher,63,Crew_Quarters,,
774,First_Aid_Kit,58,Crew_Quarters,,
775,Solar_Panel,99,External_Storage,,
776,Oxygen_Cylinder,92,Airlock,,
777,3D_Printer,88,Engineering_Bay,,
778,Vacuum_Sealed_Tools,58,Storage_Bay,,
779,Tool_Kit,12,Maintenance_Bay,,
780,Pressure_Regulator,82,Engineering_Bay,,
781,Emergency_Beacon,74,Command_Center,,
782,Fire_Extinguisher,37,Engineering_Bay,,
783,Helmet_Visor,49,Crew_Quarters,,
784,Food_Packet,91,Crew_Quarters,,
785,CO2_Scrubber,83,Life_Support,,
786,Radiation_Shield,55,Storage_Bay,,
787,Antibiotic_Supply,2,Lab,,
788,Gyroscope_Module,67,Engineering_Bay,,
789,Navigation_Module,37,Command_Center,,
790,Battery_Pack,36,External_Storage,,
791,Space_Suit,86,Storage_Bay,,
792,Solar_Panel,88,Power_Bay,,
793,Communication_Device,81,Command_Center,,
794,Thruster_Fuel,89,Storage_Bay,,
795,Emergency_Beacon,18,Command_Center,,
796,Tool_Kit,95,Storage_Bay,,
797,Radiation_Shield,71,Storage_Bay,,
798,Tether_Reel,87,Airlock,,
799,Fire_Extinguisher,76,Crew_Quarters,,
800,Protein_Bars,42,Storage_Bay,,
801,Oxygen_Cylinder,55,Crew_Quarters,,
802,EV_Suit_Battery,39,Storage_Bay,,
803,Research_Samples,50,Lab,,
804,Circuit_Board,2,Storage_Bay,,
805,Seed_Packets,80,Lab,,
806,Tool_Kit,11,Maintenance_Bay,,
807,Handheld_Spectrometer,35,Engineering_Bay,,
808,Vacuum_Sealed_Tools,29,Maintenance_Bay,,
809,LED_Work_Light,65,Engineering_Bay,,
810,Battery_Pack,22,External_Storage,,
811,Fire_Extinguisher,75,Crew_Quarters,,
812,Water_Purification_Unit,48,Crew_Quarters,,
813,Space_Suit,38,Airlock,,
814,Helmet_Visor,86,Storage_Bay,,
815,CO2_Scrubber,91,Engineering_Bay,,
816,EV_Suit_Battery,43,Storage_Bay,,
817,Laptop,98,Crew_Quarters,,
818,Asteroid_Sample_Container,59,Storage_Bay,,
819,Medical_Scanner,85,Lab,,
820,Seed_Packets,31,Lab,,
821,EV_Suit_Battery,31,Storage_Bay,,
822,Food_Packet,29,Crew_Quarters,,
823,Space_Suit,35,Airlock,,
824,Protein_Bars,28,Storage_Bay,,
825,Cooling_System,16,Engineering_Bay,,
826,Asteroid_Sample_Container,8,Storage_Bay,,
827,Protein_Bars,6,Crew_Quarters,,
828,Water_Purification_Unit,56,Life_Support,,
829,Fire_Extinguisher,56,Engineering_Bay,,
830,Handheld_Spectrometer,21,Engineering_Bay,,
831,3D_Printer,51,Engineering_Bay,,
832,Gyroscope_Module,26,Cockpit,,
833,Battery_Pack,21,External_Storage,,
834,Microgravity_Lab_Kit,72,Lab,,
835,Asteroid_Sample_Container,94,Lab,,
836,Emergency_Oxygen_Mask,92,Medical_Bay,,
837,Microgravity_Lab_Kit,15,Crew_Quarters,,
838,3D_Printer,82,Lab,,
839,Research_Samples,88,Lab,,
840,Asteroid_Sample_Container,79,Lab,,
841,Research_Samples,97,Storage_Bay,,
842,Pressure_Regulator,49,Engineering_Bay,,
843,Seed_Packets,62,Greenhouse,,
844,Medical_Scanner,46,Lab,,
845,First_Aid_Kit,71,Medical_Bay,,
846,Helmet_Visor,76,Storage_Bay,,
847,Handheld_Spectrometer,72,Lab,,
848,Navigation_Module,11,Cockpit,,
849,Communication_Device,33,Command_Center,,
850,CO2_Scrubber,29,Life_Support,,
851,Emergency_Beacon,100,Cockpit,,
852,LED_Work_Light,77,Maintenance_Bay,,
853,Tether_Reel,6,External_Storage,,
854,Cooling_System,41,Engineering_Bay,,
855,First_Aid_Kit,1,Crew_Quarters,,
856,Battery_Pack,88,External_Storage,,
857,Laptop,81,Command_Center,,
858,First_Aid_Kit,51,Crew_Quarters,,
859,Seed_Packets,38,Greenhouse,,
860,Navigation_Module,81,Command_Center,,
861,Pressure_Regulator,74,Engineering_Bay,,
862,3D_Printer,14,Lab,,
863,Emergency_Beacon,79,Cockpit,,
864,Lab_Microscope,87,Medical_Bay,,
865,Lab_Microscope,8,Lab,,
866,Battery_Pack,55,Power_Bay,,
867,Helmet_Visor,69,Storage_Bay,,
868,Food_Packet,37,Storage_Bay,,
869,Seed_Packets,41,Lab,,
870,Emergency_Beacon,99,Cockpit,,
871,Circuit_Board,81,Engineering_Bay,,
872,CO2_Scrubber,17,Life_Support,,
873,Asteroid_Sample_Container,46,Lab,,
874,Laptop,55,Command_Center,,
875,Food_Packet,53,Storage_Bay,,
876,Battery_Pack,61,Power_Bay,,
877,CO2_Scrubber,6,Engineering_Bay,,
878,Water_Bottle,49,Storage_Bay,,
879,Lab_Microscope,18,Medical_Bay,,
880,Navigation_Module,38,Command_Center,,
881,Handheld_Spectrometer,74,Lab,,
882,Solar_Panel,10,External_Storage,,
883,Laptop,16,Crew_Quarters,,
884,Communication_Device,45,Crew_Quarters,,
885,Asteroid_Sample_Container,31,Storage_Bay,,
886,Food_Packet,36,Crew_Quarters,,
887,Asteroid_Sample_Container,40,Lab,,
888,Circuit_Board,57,Storage_Bay,,
889,Communication_Device,11,Command_Center,,
890,Battery_Pack,100,Power_Bay,,
891,Radiation_Shield,97,Storage_Bay,,
892,Seed_Packets,55,Greenhouse,,
893,Protein_Bars,31,Storage_Bay,,
894,Water_Purification_Unit,54,Crew_Quarters,,
895,Pressure_Regulator,23,Engineering_Bay,,
896,Circuit_Board,15,Storage_Bay,,
897,Gyroscope_Module,88,Cockpit,,
898,Protein_Bars,6,Crew_Quarters,,
899,Water_Bottle,97,Crew_Quarters,,
900,Emergency_Beacon,66,Cockpit,,
901,Microgravity_Lab_Kit,36,Lab,,
902,Gyroscope_Module,85,Engineering_Bay,,
903,Helmet_Visor,76,Storage_Bay,,
904,Laptop,75,Crew_Quarters,,
905,LED_Work_Light,25,Maintenance_Bay,,
906,Fire_Extinguisher,20,Crew_Quarters,,
907,Food_Packet,36,Storage_Bay,,
908,3D_Printer,40,Engineering_Bay,,
909,Seed_Packets,55,Greenhouse,,
910,Helmet_Visor,45,Storage_Bay,,
911,Handheld_Spectrometer,63,Engineering_Bay,,
912,Research_Samples,65,Storage_Bay,,
913,First_Aid_Kit,28,Crew_Quarters,,
914,LED_Work_Light,36,Maintenance_Bay,,
915,Pressure_Regulator,3,Engineering_Bay,,
916,LED_Work_Light,4,Engineering_Bay,,
917,Handheld_Spectrometer,48,Engineering_Bay,,
918,Antibiotic_Supply,83,Medical_Bay,,
919,Emergency_Beacon,10,Command_Center,,
920,Emergency_Beacon,99,Cockpit,,
921,Asteroid_Sample_Container,9,Lab,,
922,Antibiotic_Supply,51,Lab,,
923,Pressure_Regulator,98,Engineering_Bay,,
924,Fire_Extinguisher,41,Crew_Quarters,,
925,Solar_Panel,15,External_Storage,,
926,LED_Work_Light,2,Engineering_Bay,,
927,3D_Printer,24,Lab,,
928,Research_Samples,98,Storage_Bay,,
929,Helmet_Visor,50,Storage_Bay,,
930,Space_Suit,54,Airlock,,
931,Laptop,56,Crew_Quarters,,
932,Solar_Panel,64,External_Storage,,
933,CO2_Scrubber,57,Engineering_Bay,,
934,Gyroscope_Module,48,Cockpit,,
935,Handheld_Spectrometer,59,Lab,,
936,Navigation_Module,70,Cockpit,,
937,Space_Suit,41,Airlock,,
938,Helmet_Visor,73,Storage_Bay,,
939,Battery_Pack,13,Power_Bay,,
940,Cooling_System,71,Engineering_Bay,,
941,Asteroid_Sample_Container,57,Lab,,
942,Battery_Pack,93,Power_Bay,,
943,3D_Printer,52,Engineering_Bay,,
944,Handheld_Spectrometer,15,Lab,,
945,CO2_Scrubber,48,Engineering_Bay,,
946,Solar_Panel,69,External_Storage,,
947,Water_Bottle,14,Crew_Quarters,,
948,Battery_Pack,5,External_Storage,,
949,Research_Samples,1,Lab,,
950,Food_Packet,6,Storage_Bay,,
951,Lab_Microscope,91,Lab,,
952,Solar_Panel,35,External_Storage,,
953,Helmet_Visor,4,Storage_Bay,,
954,Fire_Extinguisher,53,Crew_Quarters,,
955,Asteroid_Sample_Container,72,Lab,,
956,First_Aid_Kit,4,Crew_Quarters,,
957,Waste_Management_Kit,93,Sanitation_Bay,,
958,Handheld_Spectrometer,7,Engineering_Bay,,
959,Antibiotic_Supply,88,Medical_Bay,,
960,Battery_Pack,40,External_Storage,,
961,Waste_Management_Kit,84,Engineering_Bay,,
962,Vacuum_Sealed_Tools,55,Storage_Bay,,
963,Food_Packet,94,Storage_Bay,,
964,Laptop,70,Crew_Quarters,,
965,Food_Packet,95,Crew_Quarters,,
966,Waste_Management_Kit,97,Engineering_Bay,,
967,Laptop,21,Crew_Quarters,,
968,Fire_Extinguisher,2,Engineering_Bay,,
969,Thruster_Fuel,25,Engine_Bay,,
970,Water_Bottle,82,Crew_Quarters,,
971,Gyroscope_Module,60,Cockpit,,
972,Protein_Bars,57,Storage_Bay,,
973,Water_Purification_Unit,77,Life_Support,,
974,EV_Suit_Battery,16,Storage_Bay,,
975,Fire_Extinguisher,21,Engineering_Bay,,
976,Vacuum_Sealed_Tools,20,Maintenance_Bay,,
977,Thruster_Fuel,68,Engine_Bay,,
978,Antibiotic_Supply,42,Medical_Bay,,
979,Tether_Reel,75,External_Storage,,
980,Pressure_Regulator,53,Airlock,,
981,Water_Bottle,18,Storage_Bay,,
982,Gyroscope_Module,31,Cockpit,,
983,Lab_Microscope,31,Lab,,
984,LED_Work_Light,94,Maintenance_Bay,,
985,Communication_Device,81,Crew_Quarters,,
986,3D_Printer,88,Lab,,
987,Research_Samples,23,Lab,,
988,Thruster_Fuel,94,Storage_Bay,,
989,Microgravity_Lab_Kit,25,Crew_Quarters,,
990,Communication_Device,74,Crew_Quarters,,
991,Fire_Extinguisher,29,Crew_Quarters,,
992,Tool_Kit,68,Maintenance_Bay,,
993,Medical_Scanner,24,Medical_Bay,,
994,Cooling_System,16,Power_Bay,,
995,Medical_Scanner,24,Medical_Bay,,
996,Oxygen_Cylinder,76,Crew_Quarters,,
997,Pressure_Regulator,47,Airlock,,
998,First_Aid_Kit,57,Crew_Quarters,,
999,Research_Samples,77,Lab,,
1000,Pressure_Regulator,12,Engineering_Bay,,
1001,Emergency_Oxygen_Mask,85,Medical_Bay,,
1002,First_Aid_Kit,45,Medical_Bay,,
1003,Fire_Extinguisher,100,Crew_Quarters,,
1004,Gyroscope_Module,13,Cockpit,,
1005,Asteroid_Sample_Container,59,Lab,,
1006,Protein_Bars,56,Crew_Quarters,,
1007,Helmet_Visor,12,Crew_Quarters,,
1008,Oxygen_Cylinder,61,Crew_Quarters,,
1009,Thruster_Fuel,28,Engine_Bay,,
1010,Thruster_Fuel,7,Storage_Bay,,
1011,3D_Printer,3,Engineering_Bay,,
1012,Battery_Pack,13,External_Storage,,
1013,Pressure_Regulator,78,Airlock,,
1014,Water_Bottle,76,Crew_Quarters,,
1015,CO2_Scrubber,68,Engineering_Bay,,
1016,Handheld_Spectrometer,54,Engineering_Bay,,
1017,Cooling_System,20,Power_Bay,,
1018,Seed_Packets,57,Greenhouse,,
1019,Emergency_Oxygen_Mask,37,Crew_Quarters,,
1020,Waste_Management_Kit,64,Sanitation_Bay,,
1021,Communication_Device,26,Command_Center,,
1022,Oxygen_Cylinder,8,Crew_Quarters,,
1023,Lab_Microscope,78,Lab,,
1024,Seed_Packets,73,Greenhouse,,
1025,Asteroid_Sample_Container,61,Lab,,
1026,Protein_Bars,40,Storage_Bay,,
1027,Solar_Panel,49,External_Storage,,
1028,Tool_Kit,95,Storage_Bay,,
1029,Waste_Management_Kit,74,Engineering_Bay,,
1030,Cooling_System,35,Power_Bay,,
1031,Antibiotic_Supply,26,Lab,,
1032,Protein_Bars,92,Crew_Quarters,,
1033,Water_Purification_Unit,18,Life_Support,,
1034,Battery_Pack,71,Power_Bay,,
1035,Laptop,95,Command_Center,,
1036,Vacuum_Sealed_Tools,81,Storage_Bay,,
1037,Helmet_Visor,74,Storage_Bay,,
1038,Oxygen_Cylinder,63,Medical_Bay,,
1039,Space_Suit,61,Storage_Bay,,
1040,Emergency_Beacon,51,Cockpit,,
1041,LED_Work_Light,91,Maintenance_Bay,,
1042,Navigation_Module,71,Command_Center,,
1043,Vacuum_Sealed_Tools,72,Maintenance_Bay,,
1044,First_Aid_Kit,69,Medical_Bay,,
1045,Pressure_Regulator,67,Airlock,,
1046,Food_Packet,72,Crew_Quarters,,
1047,Emergency_Oxygen_Mask,32,Crew_Quarters,,
1048,Oxygen_Cylinder,25,Crew_Quarters,,
1049,EV_Suit_Battery,70,Airlock,,
1050,3D_Printer,85,Engineering_Bay,,
1051,Space_Suit,44,Storage_Bay,,
1052,Cooling_System,93,Power_Bay,,
1053,Vacuum_Sealed_Tools,78,Storage_Bay,,
1054,Space_Suit,21,Airlock,,
1055,Vacuum_Sealed_Tools,57,Maintenance_Bay,,
1056,Research_Samples,97,Storage_Bay,,
1057,Space_Suit,84,Airlock,,
1058,First_Aid_Kit,25,Medical_Bay,,
1059,Fire_Extinguisher,48,Crew_Quarters,,
1060,Radiation_Shield,46,Storage_Bay,,
1061,Communication_Device,69,Crew_Quarters,,
1062,Emergency_Beacon,19,Cockpit,,
1063,CO2_Scrubber,56,Life_Support,,
1064,Navigation_Module,84,Cockpit,,
1065,Solar_Panel,58,Power_Bay,,
1066,Thruster_Fuel,38,Engine_Bay,,
1067,Emergency_Oxygen_Mask,50,Medical_Bay,,
1068,Food_Packet,48,Crew_Quarters,,
1069,Scientific_Sensor,86,Cockpit,,
1070,Scientific_Sensor,57,Lab,,
1071,Water_Bottle,88,Storage_Bay,,
1072,LED_Work_Light,93,Maintenance_Bay,,
1073,Research_Samples,51,Storage_Bay,,
1074,Space_Suit,27,Airlock,,
1075,Asteroid_Sample_Container,15,Storage_Bay,,
1076,Battery_Pack,23,External_Storage,,
1077,Tool_Kit,36,Maintenance_Bay,,
1078,Solar_Panel,97,External_Storage,,
1079,First_Aid_Kit,7,Medical_Bay,,
1080,Water_Purification_Unit,77,Life_Support,,
1081,Tool_Kit,76,Storage_Bay,,
1082,Food_Packet,96,Storage_Bay,,
1083,Radiation_Shield,91,Storage_Bay,,
1084,Protein_Bars,41,Storage_Bay,,
1085,Tool_Kit,52,Storage_Bay,,
1086,Thruster_Fuel,10,Engine_Bay,,
1087,Handheld_Spectrometer,4,Lab,,
1088,Space_Suit,25,Airlock,,
1089,Radiation_Shield,5,Storage_Bay,,
1090,Asteroid_Sample_Container,15,Storage_Bay,,
1091,Thruster_Fuel,38,Engine_Bay,,
1092,Pressure_Regulator,67,Airlock,,
1093,Emergency_Oxygen_Mask,82,Medical_Bay,,
1094,Medical_Scanner,47,Lab,,
1095,Handheld_Spectrometer,45,Lab,,
1096,Communication_Device,3,Crew_Quarters,,
1097,First_Aid_Kit,56,Crew_Quarters,,
1098,Antibiotic_Supply,58,Lab,,
1099,Oxygen_Cylinder,53,Crew_Quarters,,
1100,Water_Purification_Unit,62,Crew_Quarters,,
1101,Oxygen_Cylinder,95,Airlock,,
1102,Thruster_Fuel,24,Storage_Bay,,
1103,Water_Purification_Unit,33,Life_Support,,
1104,Vacuum_Sealed_Tools,97,Maintenance_Bay,,
1105,Gyroscope_Module,5,Cockpit,,
1106,Lab_Microscope,20,Lab,,
1107,Vacuum_Sealed_Tools,68,Storage_Bay,,
1108,Battery_Pack,89,External_Storage,,
1109,Asteroid_Sample_Container,49,Storage_Bay,,
1110,Pressure_Regulator,44,Airlock,,
1111,Fire_Extinguisher,5,Crew_Quarters,,
1112,Space_Suit,51,Airlock,,
1113,Tool_Kit,86,Storage_Bay,,
1114,Space_Suit,67,Airlock,,
1115,Battery_Pack,54,Power_Bay,,
1116,Space_Suit,98,Storage_Bay,,
1117,Navigation_Module,37,Cockpit,,
1118,Water_Purification_Unit,87,Life_Support,,
1119,Communication_Device,81,Crew_Quarters,,
1120,Helmet_Visor,8,Crew_Quarters,,
1121,Laptop,8,Crew_Quarters,,
1122,Battery_Pack,86,Power_Bay,,
1123,Fire_Extinguisher,48,Crew_Quarters,,
1124,Medical_Scanner,12,Lab,,
1125,Asteroid_Sample_Container,24,Storage_Bay,,
1126,LED_Work_Light,97,Maintenance_Bay,,
1127,Scientific_Sensor,26,Lab,,
1128,Handheld_Spectrometer,25,Engineering_Bay,,
1129,Asteroid_Sample_Container,100,Storage_Bay,,
1130,Lab_Microscope,69,Lab,,
1131,Water_Purification_Unit,84,Crew_Quarters,,
1132,Medical_Scanner,60,Lab,,
1133,Protein_Bars,23,Crew_Quarters,,
1134,Food_Packet,7,Storage_Bay,,
1135,Laptop,61,Crew_Quarters,,
1136,Handheld_Spectrometer,86,Lab,,
1137,Antibiotic_Supply,74,Medical_Bay,,
1138,Circuit_Board,13,Storage_Bay,,
1139,Emergency_Oxygen_Mask,92,Crew_Quarters,,
1140,Medical_Scanner,70,Medical_Bay,,
1141,Handheld_Spectrometer,17,Engineering_Bay,,
1142,Helmet_Visor,17,Crew_Quarters,,
1143,Vacuum_Sealed_Tools,37,Maintenance_Bay,,
1144,Antibiotic_Supply,20,Medical_Bay,,
1145,Scientific_Sensor,44,Cockpit,,
1146,Solar_Panel,94,External_Storage,,
1147,Navigation_Module,66,Command_Center,,
1148,Oxygen_Cylinder,91,Crew_Quarters,,
1149,Research_Samples,79,Storage_Bay,,
1150,Circuit_Board,25,Storage_Bay,,
1151,Water_Purification_Unit,89,Life_Support,,
1152,Tether_Reel,78,Airlock,,
1153,Tool_Kit,65,Storage_Bay,,
1154,Medical_Scanner,40,Medical_Bay,,
1155,Antibiotic_Supply,16,Lab,,
1156,Oxygen_Cylinder,96,Airlock,,
1157,Protein_Bars,77,Storage_Bay,,
1158,Battery_Pack,89,External_Storage,,
1159,Vacuum_Sealed_Tools,13,Maintenance_Bay,,
1160,Tool_Kit,45,Storage_Bay,,
1161,Waste_Management_Kit,16,Engineering_Bay,,
1162,Circuit_Board,75,Engineering_Bay,,
1163,Protein_Bars,75,Crew_Quarters,,
1164,Tool_Kit,71,Storage_Bay,,
1165,Pressure_Regulator,13,Engineering_Bay,,
1166,Pressure_Regulator,80,Engineering_Bay,,
1167,Vacuum_Sealed_Tools,68,Storage_Bay,,
1168,Water_Bottle,84,Storage_Bay,,
1169,Medical_Scanner,54,Medical_Bay,,
1170,Microgravity_Lab_Kit,52,Lab,,
1171,Emergency_Oxygen_Mask,1,Crew_Quarters,,
1172,Space_Suit,14,Airlock,,
1173,Microgravity_Lab_Kit,42,Lab,,
1174,Scientific_Sensor,67,Lab,,
1175,Handheld_Spectrometer,99,Lab,,
1176,Battery_Pack,42,External_Storage,,
1177,Fire_Extinguisher,61,Crew_Quarters,,
1178,Circuit_Board,64,Storage_Bay,,
1179,Laptop,36,Command_Center,,
1180,3D_Printer,66,Lab,,
1181,Tether_Reel,75,Airlock,,
1182,Oxygen_Cylinder,38,Medical_Bay,,
1183,Vacuum_Sealed_Tools,96,Storage_Bay,,
1184,Emergency_Beacon,17,Cockpit,,
1185,Research_Samples,41,Storage_Bay,,
1186,Solar_Panel,39,External_Storage,,
1187,Water_Bottle,41,Storage_Bay,,
1188,Gyroscope_Module,3,Engineering_Bay,,
1189,Thruster_Fuel,55,Engine_Bay,,
1190,Communication_Device,21,Command_Center,,
1191,Asteroid_Sample_Container,23,Storage_Bay,,
1192,Asteroid_Sample_Container,21,Lab,,
1193,Asteroid_Sample_Container,21,Lab,,
1194,Gyroscope_Module,1,Engineering_Bay,,
1195,Space_Suit,20,Storage_Bay,,
1196,Communication_Device,52,Crew_Quarters,,
1197,Microgravity_Lab_Kit,68,Lab,,
1198,Gyroscope_Module,65,Engineering_Bay,,
1199,Navigation_Module,36,Command_Center,,
1200,Navigation_Module,32,Cockpit,,
1201,EV_Suit_Battery,32,Airlock,,
1202,EV_Suit_Battery,1,Airlock,,
1203,Research_Samples,24,Lab,,
1204,Research_Samples,70,Storage_Bay,,
1205,Pressure_Regulator,67,Engineering_Bay,,
1206,Waste_Management_Kit,44,Sanitation_Bay,,
1207,Pressure_Regulator,74,Engineering_Bay,,
1208,EV_Suit_Battery,18,Storage_Bay,,
1209,Oxygen_Cylinder,86,Crew_Quarters,,
1210,CO2_Scrubber,69,Life_Support,,
1211,Circuit_Board,45,Storage_Bay,,
1212,Emergency_Beacon,96,Command_Center,,
1213,3D_Printer,91,Lab,,
1214,Pressure_Regulator,21,Airlock,,
1215,Vacuum_Sealed_Tools,57,Maintenance_Bay,,
1216,Laptop,54,Command_Center,,
1217,Tether_Reel,76,External_Storage,,
1218,Circuit_Board,80,Storage_Bay,,
1219,CO2_Scrubber,32,Engineering_Bay,,
1220,Research_Samples,98,Lab,,
1221,Circuit_Board,45,Engineering_Bay,,
1222,Waste_Management_Kit,67,Sanitation_Bay,,
1223,Laptop,8,Crew_Quarters,,
1224,Microgravity_Lab_Kit,38,Crew_Quarters,,
1225,Navigation_Module,68,Cockpit,,
1226,Thruster_Fuel,16,Engine_Bay,,
1227,3D_Printer,30,Lab,,
1228,Research_Samples,65,Lab,,
1229,Communication_Device,42,Crew_Quarters,,
1230,Cooling_System,51,Power_Bay,,
1231,Antibiotic_Supply,10,Lab,,
1232,Antibiotic_Supply,38,Lab,,
1233,Water_Bottle,39,Storage_Bay,,
1234,Helmet_Visor,21,Storage_Bay,,
1235,Water_Bottle,74,Crew_Quarters,,
1236,Helmet_Visor,32,Storage_Bay,,
1237,Protein_Bars,14,Crew_Quarters,,
1238,Tool_Kit,4,Maintenance_Bay,,
1239,Space_Suit,94,Storage_Bay,,
1240,Food_Packet,39,Crew_Quarters,,
1241,CO2_Scrubber,72,Life_Support,,
1242,Helmet_Visor,42,Crew_Quarters,,
1243,Asteroid_Sample_Container,84,Storage_Bay,,
1244,LED_Work_Light,75,Engineering_Bay,,
1245,Food_Packet,97,Storage_Bay,,
1246,Antibiotic_Supply,19,Medical_Bay,,
1247,Water_Bottle,16,Crew_Quarters,,
1248,Solar_Panel,60,External_Storage,,
1249,Battery_Pack,28,External_Storage,,
1250,Oxygen_Cylinder,20,Airlock,,
1251,Thruster_Fuel,22,Storage_Bay,,
1252,Vacuum_Sealed_Tools,71,Storage_Bay,,
1253,Asteroid_Sample_Container,22,Storage_Bay,,
1254,Emergency_Beacon,73,Command_Center,,
1255,Thruster_Fuel,2,Engine_Bay,,
1256,Gyroscope_Module,47,Cockpit,,
1257,Solar_Panel,54,Power_Bay,,
1258,LED_Work_Light,65,Maintenance_Bay,,
1259,Space_Suit,78,Airlock,,
1260,Oxygen_Cylinder,60,Medical_Bay,,
1261,Waste_Management_Kit,93,Engineering_Bay,,
1262,Space_Suit,48,Storage_Bay,,
1263,Handheld_Spectrometer,27,Engineering_Bay,,
1264,Asteroid_Sample_Container,94,Storage_Bay,,
1265,Water_Purification_Unit,36,Crew_Quarters,,
1266,Cooling_System,6,Engineering_Bay,,
1267,3D_Printer,97,Lab,,
1268,Food_Packet,36,Storage_Bay,,
1269,Water_Purification_Unit,14,Crew_Quarters,,
1270,Thruster_Fuel,47,Storage_Bay,,
1271,Helmet_Visor,48,Storage_Bay,,
1272,Seed_Packets,52,Lab,,
1273,Oxygen_Cylinder,40,Medical_Bay,,
1274,Protein_Bars,34,Crew_Quarters,,
1275,Food_Packet,94,Crew_Quarters,,
1276,Antibiotic_Supply,45,Lab,,
1277,EV_Suit_Battery,50,Airlock,,
1278,Laptop,33,Command_Center,,
1279,Water_Purification_Unit,15,Life_Support,,
1280,Microgravity_Lab_Kit,18,Lab,,
1281,Asteroid_Sample_Container,78,Storage_Bay,,
1282,Pressure_Regulator,1,Airlock,,
1283,Waste_Management_Kit,78,Sanitation_Bay,,
1284,Microgravity_Lab_Kit,36,Lab,,
1285,First_Aid_Kit,28,Medical_Bay,,
1286,Pressure_Regulator,71,Engineering_Bay,,
1287,Radiation_Shield,16,Engineering_Bay,,
1288,3D_Printer,51,Engineering_Bay,,
1289,Solar_Panel,29,External_Storage,,
1290,Water_Bottle,73,Crew_Quarters,,
1291,Handheld_Spectrometer,42,Lab,,
1292,Tool_Kit,71,Storage_Bay,,
1293,Antibiotic_Supply,27,Lab,,
1294,Space_Suit,41,Airlock,,
1295,Emergency_Oxygen_Mask,60,Medical_Bay,,
1296,Navigation_Module,38,Command_Center,,
1297,Circuit_Board,68,Engineering_Bay,,
1298,Antibiotic_Supply,63,Medical_Bay,,
1299,Scientific_Sensor,39,Lab,,
1300,Fire_Extinguisher,75,Crew_Quarters,,
1301,Handheld_Spectrometer,83,Lab,,
1302,Seed_Packets,39,Lab,,
1303,Pressure_Regulator,46,Engineering_Bay,,
1304,Gyroscope_Module,94,Engineering_Bay,,
1305,Antibiotic_Supply,77,Lab,,
1306,3D_Printer,9,Engineering_Bay,,
1307,3D_Printer,11,Lab,,
1308,Protein_Bars,76,Storage_Bay,,
1309,Tool_Kit,54,Storage_Bay,,
1310,Water_Purification_Unit,82,Crew_Quarters,,
1311,Oxygen_Cylinder,19,Crew_Quarters,,
1312,Waste_Management_Kit,30,Sanitation_Bay,,
1313,Tool_Kit,48,Storage_Bay,,
1314,CO2_Scrubber,8,Life_Support,,
1315,Solar_Panel,79,Power_Bay,,
1316,Thruster_Fuel,41,Engine_Bay,,
1317,Space_Suit,99,Airlock,,
1318,Scientific_Sensor,27,Lab,,
1319,Thruster_Fuel,62,Engine_Bay,,
1320,Medical_Scanner,35,Medical_Bay,,
1321,Lab_Microscope,46,Lab,,
1322,Vacuum_Sealed_Tools,95,Storage_Bay,,
1323,Tether_Reel,63,Airlock,,
1324,Radiation_Shield,49,Storage_Bay,,
1325,First_Aid_Kit,8,Medical_Bay,,
1326,Protein_Bars,45,Crew_Quarters,,
1327,Communication_Device,31,Command_Center,,
1328,Cooling_System,49,Engineering_Bay,,
1329,Seed_Packets,23,Lab,,
1330,Seed_Packets,75,Lab,,
1331,Helmet_Visor,24,Crew_Quarters,,
1332,Fire_Extinguisher,34,Crew_Quarters,,
1333,Emergency_Beacon,73,Command_Center,,
1334,EV_Suit_Battery,50,Storage_Bay,,
1335,CO2_Scrubber,26,Life_Support,,
1336,Space_Suit,32,Storage_Bay,,
1337,Laptop,72,Command_Center,,
1338,Helmet_Visor,48,Crew_Quarters,,
1339,Gyroscope_Module,80,Engineering_Bay,,
1340,3D_Printer,34,Lab,,
1341,First_Aid_Kit,38,Medical_Bay,,
1342,Food_Packet,98,Storage_Bay,,
1343,EV_Suit_Battery,70,Airlock,,
1344,Water_Bottle,34,Storage_Bay,,
1345,Waste_Management_Kit,4,Engineering_Bay,,
1346,Tool_Kit,14,Maintenance_Bay,,
1347,Tether_Reel,57,Airlock,,
1348,Radiation_Shield,3,Storage_Bay,,
1349,3D_Printer,75,Lab,,
1350,Waste_Management_Kit,96,Engineering_Bay,,
1351,First_Aid_Kit,43,Crew_Quarters,,
1352,CO2_Scrubber,57,Engineering_Bay,,
1353,Radiation_Shield,93,Engineering_Bay,,
1354,Handheld_Spectrometer,89,Lab,,
1355,Tool_Kit,43,Storage_Bay,,
1356,Tool_Kit,12,Maintenance_Bay,,
1357,Seed_Packets,53,Lab,,
1358,Seed_Packets,71,Greenhouse,,
1359,Navigation_Module,71,Cockpit,,
1360,Solar_Panel,57,External_Storage,,
1361,Medical_Scanner,92,Lab,,
1362,Solar_Panel,38,Power_Bay,,
1363,Research_Samples,5,Storage_Bay,,
1364,Pressure_Regulator,20,Engineering_Bay,,
1365,Research_Samples,46,Lab,,
1366,Space_Suit,67,Storage_Bay,,
1367,CO2_Scrubber,68,Engineering_Bay,,
1368,Microgravity_Lab_Kit,1,Crew_Quarters,,
1369,CO2_Scrubber,75,Life_Support,,
1370,Cooling_System,13,Engineering_Bay,,
1371,Medical_Scanner,33,Lab,,
1372,Cooling_System,77,Engineering_Bay,,
1373,Fire_Extinguisher,76,Crew_Quarters,,
1374,Seed_Packets,58,Lab,,
1375,Laptop,3,Command_Center,,
1376,Handheld_Spectrometer,45,Engineering_Bay,,
1377,Circuit_Board,66,Engineering_Bay,,
1378,Asteroid_Sample_Container,63,Lab,,
1379,Battery_Pack,45,External_Storage,,
1380,Space_Suit,28,Airlock,,
1381,Pressure_Regulator,82,Engineering_Bay,,
1382,Scientific_Sensor,41,Lab,,
1383,Asteroid_Sample_Container,28,Storage_Bay,,
1384,CO2_Scrubber,23,Life_Support,,
1385,Emergency_Beacon,47,Command_Center,,
1386,Water_Bottle,86,Crew_Quarters,,
1387,Pressure_Regulator,1,Airlock,,
1388,Tool_Kit,27,Storage_Bay,,
1389,Microgravity_Lab_Kit,33,Lab,,
1390,3D_Printer,85,Engineering_Bay,,
1391,Fire_Extinguisher,80,Crew_Quarters,,
1392,Tether_Reel,49,Airlock,,
1393,CO2_Scrubber,16,Life_Support,,
1394,Food_Packet,99,Storage_Bay,,
1395,Water_Bottle,20,Storage_Bay,,
1396,Food_Packet,94,Storage_Bay,,
1397,Tool_Kit,19,Maintenance_Bay,,
1398,Circuit_Board,97,Storage_Bay,,
1399,Seed_Packets,37,Lab,,
1400,Tether_Reel,10,External_Storage,,
1401,LED_Work_Light,21,Maintenance_Bay,,
1402,Protein_Bars,87,Crew_Quarters,,
1403,Solar_Panel,66,Power_Bay,,
1404,Helmet_Visor,32,Crew_Quarters,,
1405,CO2_Scrubber,44,Life_Support,,
1406,Laptop,39,Command_Center,,
1407,Communication_Device,12,Command_Center,,
1408,3D_Printer,84,Lab,,
1409,3D_Printer,97,Lab,,
1410,Communication_Device,65,Command_Center,,
1411,Solar_Panel,41,External_Storage,,
1412,Fire_Extinguisher,86,Crew_Quarters,,
1413,Lab_Microscope,62,Medical_Bay,,
1414,Laptop,20,Crew_Quarters,,
1415,Thruster_Fuel,32,Storage_Bay,,
1416,Vacuum_Sealed_Tools,15,Storage_Bay,,
1417,Protein_Bars,27,Crew_Quarters,,
1418,Circuit_Board,77,Storage_Bay,,
1419,Radiation_Shield,66,Storage_Bay,,
1420,Thruster_Fuel,73,Storage_Bay,,
1421,Microgravity_Lab_Kit,43,Lab,,
1422,Antibiotic_Supply,47,Medical_Bay,,
1423,CO2_Scrubber,70,Engineering_Bay,,
1424,Oxygen_Cylinder,53,Airlock,,
1425,Navigation_Module,76,Command_Center,,
1426,Navigation_Module,44,Cockpit,,
1427,Asteroid_Sample_Container,28,Lab,,
1428,CO2_Scrubber,58,Life_Support,,
1429,Tether_Reel,6,External_Storage,,
1430,LED_Work_Light,63,Maintenance_Bay,,
1431,Oxygen_Cylinder,17,Medical_Bay,,
1432,Research_Samples,1,Lab,,
1433,Emergency_Oxygen_Mask,46,Medical_Bay,,
1434,Emergency_Beacon,9,Cockpit,,
1435,Lab_Microscope,40,Lab,,
1436,Handheld_Spectrometer,24,Engineering_Bay,,
1437,First_Aid_Kit,66,Crew_Quarters,,
1438,LED_Work_Light,91,Engineering_Bay,,
1439,Communication_Device,24,Command_Center,,
1440,LED_Work_Light,64,Engineering_Bay,,
1441,Tool_Kit,13,Maintenance_Bay,,
1442,Antibiotic_Supply,81,Lab,,
1443,CO2_Scrubber,77,Life_Support,,
1444,Scientific_Sensor,46,Cockpit,,
1445,Water_Bottle,53,Storage_Bay,,
1446,Emergency_Oxygen_Mask,91,Crew_Quarters,,
1447,Vacuum_Sealed_Tools,46,Storage_Bay,,
1448,Space_Suit,52,Storage_Bay,,
1449,Communication_Device,72,Command_Center,,
1450,Handheld_Spectrometer,19,Engineering_Bay,,
1451,Emergency_Beacon,45,Command_Center,,
1452,First_Aid_Kit,42,Crew_Quarters,,
1453,Scientific_Sensor,75,Lab,,
1454,Cooling_System,26,Engineering_Bay,,
1455,Solar_Panel,53,External_Storage,,
1456,Laptop,49,Command_Center,,
1457,Tool_Kit,71,Storage_Bay,,
1458,Antibiotic_Supply,44,Medical_Bay,,
1459,Research_Samples,25,Lab,,
1460,Laptop,98,Crew_Quarters,,
1461,Water_Purification_Unit,7,Crew_Quarters,,
1462,First_Aid_Kit,51,Medical_Bay,,
1463,Waste_Management_Kit,92,Engineering_Bay,,
1464,Seed_Packets,88,Greenhouse,,
1465,Radiation_Shield,66,Storage_Bay,,
1466,Space_Suit,79,Airlock,,
1467,Waste_Management_Kit,3,Engineering_Bay,,
1468,Oxygen_Cylinder,90,Medical_Bay,,
1469,Water_Purification_Unit,3,Life_Support,,
1470,LED_Work_Light,98,Engineering_Bay,,
1471,Solar_Panel,57,External_Storage,,
1472,3D_Printer,67,Lab,,
1473,Vacuum_Sealed_Tools,40,Maintenance_Bay,,
1474,Microgravity_Lab_Kit,32,Crew_Quarters,,
1475,Protein_Bars,1,Crew_Quarters,,
1476,Navigation_Module,13,Command_Center,,
1477,Vacuum_Sealed_Tools,65,Maintenance_Bay,,
1478,Gyroscope_Module,63,Cockpit,,
1479,Seed_Packets,28,Lab,,
1480,Communication_Device,58,Command_Center,,
1481,Battery_Pack,44,Power_Bay,,
1482,Scientific_Sensor,73,Cockpit,,
1483,Oxygen_Cylinder,24,Medical_Bay,,
1484,Tether_Reel,34,Airlock,,
1485,Medical_Scanner,96,Medical_Bay,,
1486,Handheld_Spectrometer,92,Lab,,
1487,Solar_Panel,32,Power_Bay,,
1488,Seed_Packets,1,Greenhouse,,
1489,Helmet_Visor,64,Crew_Quarters,,
1490,CO2_Scrubber,83,Life_Support,,
1491,Vacuum_Sealed_Tools,88,Maintenance_Bay,,
1492,Tether_Reel,46,Airlock,,
1493,EV_Suit_Battery,57,Storage_Bay,,
1494,Laptop,57,Crew_Quarters,,
1495,Thruster_Fuel,61,Storage_Bay,,
1496,Tool_Kit,75,Maintenance_Bay,,
1497,Thruster_Fuel,8,Storage_Bay,,
1498,Scientific_Sensor,77,Lab,,
1499,Thruster_Fuel,59,Engine_Bay,,
1500,Pressure_Regulator,64,Airlock,,
1501,Thruster_Fuel,7,Storage_Bay,,
1502,Solar_Panel,19,Power_Bay,,
1503,Antibiotic_Supply,89,Medical_Bay,,
1504,Navigation_Module,71,Command_Center,,
1505,Thruster_Fuel,75,Storage_Bay,,
1506,Oxygen_Cylinder,65,Airlock,,
1507,Battery_Pack,51,Power_Bay,,
1508,Emergency_Oxygen_Mask,30,Crew_Quarters,,
1509,Asteroid_Sample_Container,87,Storage_Bay,,
1510,Food_Packet,33,Storage_Bay,,
1511,3D_Printer,18,Lab,,
1512,Seed_Packets,29,Greenhouse,,
1513,Radiation_Shield,61,Storage_Bay,,
1514,Asteroid_Sample_Container,73,Storage_Bay,,
1515,Water_Bottle,47,Storage_Bay,,
1516,Lab_Microscope,57,Medical_Bay,,
1517,Protein_Bars,30,Storage_Bay,,
1518,Communication_Device,21,Crew_Quarters,,
1519,Research_Samples,60,Lab,,
1520,Scientific_Sensor,93,Lab,,
1521,Radiation_Shield,80,Engineering_Bay,,
1522,Space_Suit,4,Airlock,,
1523,Cooling_System,10,Power_Bay,,
1524,Microgravity_Lab_Kit,99,Crew_Quarters,,
1525,Space_Suit,46,Storage_Bay,,
1526,Protein_Bars,75,Storage_Bay,,
1527,Tether_Reel,85,External_Storage,,
1528,Space_Suit,70,Storage_Bay,,
1529,Asteroid_Sample_Container,60,Lab,,
1530,Scientific_Sensor,85,Cockpit,,
1531,Research_Samples,61,Storage_Bay,,
1532,Emergency_Beacon,82,Cockpit,,
1533,Handheld_Spectrometer,47,Engineering_Bay,,
1534,Medical_Scanner,45,Medical_Bay,,
1535,Space_Suit,34,Storage_Bay,,
1536,Communication_Device,40,Crew_Quarters,,
1537,Emergency_Beacon,69,Command_Center,,
1538,Food_Packet,42,Crew_Quarters,,
1539,Water_Purification_Unit,15,Crew_Quarters,,
1540,3D_Printer,22,Engineering_Bay,,
1541,First_Aid_Kit,87,Crew_Quarters,,
1542,Fire_Extinguisher,80,Engineering_Bay,,
1543,Emergency_Beacon,92,Command_Center,,
1544,Water_Purification_Unit,92,Crew_Quarters,,
1545,Food_Packet,75,Crew_Quarters,,
1546,First_Aid_Kit,23,Medical_Bay,,
1547,Scientific_Sensor,33,Lab,,
1548,Protein_Bars,42,Crew_Quarters,,
1549,Pressure_Regulator,95,Airlock,,
1550,Solar_Panel,10,Power_Bay,,
1551,EV_Suit_Battery,72,Airlock,,
1552,Communication_Device,13,Command_Center,,
1553,Protein_Bars,30,Crew_Quarters,,
1554,EV_Suit_Battery,23,Storage_Bay,,
1555,Cooling_System,4,Engineering_Bay,,
1556,Space_Suit,99,Airlock,,
1557,Antibiotic_Supply,2,Lab,,
1558,Oxygen_Cylinder,18,Medical_Bay,,
1559,Handheld_Spectrometer,43,Lab,,
1560,Gyroscope_Module,64,Cockpit,,
1561,Oxygen_Cylinder,69,Medical_Bay,,
1562,Fire_Extinguisher,69,Crew_Quarters,,
1563,EV_Suit_Battery,49,Airlock,,
1564,Protein_Bars,76,Storage_Bay,,
1565,Seed_Packets,49,Lab,,
1566,Research_Samples,46,Storage_Bay,,
1567,Solar_Panel,65,External_Storage,,
1568,LED_Work_Light,56,Engineering_Bay,,
1569,Fire_Extinguisher,99,Crew_Quarters,,
1570,Seed_Packets,98,Greenhouse,,
1571,Radiation_Shield,6,Engineering_Bay,,
1572,Radiation_Shield,16,Engineering_Bay,,
1573,Seed_Packets,86,Lab,,
1574,Laptop,18,Crew_Quarters,,
1575,First_Aid_Kit,32,Medical_Bay,,
1576,Pressure_Regulator,2,Airlock,,
1577,Fire_Extinguisher,71,Engineering_Bay,,
1578,Communication_Device,73,Command_Center,,
1579,Helmet_Visor,27,Crew_Quarters,,
1580,Space_Suit,21,Storage_Bay,,
1581,Water_Purification_Unit,52,Crew_Quarters,,
1582,Tool_Kit,13,Storage_Bay,,
1583,Navigation_Module,76,Cockpit,,
1584,Thruster_Fuel,25,Engine_Bay,,
1585,Navigation_Module,67,Command_Center,,
1586,Radiation_Shield,9,Storage_Bay,,
1587,Space_Suit,62,Storage_Bay,,
1588,Handheld_Spectrometer,2,Lab,,
1589,Oxygen_Cylinder,1,Medical_Bay,,
1590,Space_Suit,55,Airlock,,
1591,First_Aid_Kit,18,Medical_Bay,,
1592,Helmet_Visor,25,Storage_Bay,,
1593,Communication_Device,21,Crew_Quarters,,
1594,3D_Printer,1,Engineering_Bay,,
1595,Research_Samples,39,Lab,,
1596,Emergency_Beacon,98,Command_Center,,
1597,Tether_Reel,74,Airlock,,
1598,Tool_Kit,76,Maintenance_Bay,,
1599,Thruster_Fuel,98,Storage_Bay,,
1600,Solar_Panel,44,External_Storage,,
1601,Food_Packet,85,Crew_Quarters,,
1602,Fire_Extinguisher,85,Engineering_Bay,,
1603,Radiation_Shield,17,Engineering_Bay,,
1604,Solar_Panel,14,Power_Bay,,
1605,Radiation_Shield,38,Storage_Bay,,
1606,Helmet_Visor,20,Storage_Bay,,
1607,Helmet_Visor,50,Crew_Quarters,,
1608,Scientific_Sensor,4,Lab,,
1609,Emergency_Oxygen_Mask,15,Medical_Bay,,
1610,Medical_Scanner,98,Medical_Bay,,
1611,Gyroscope_Module,39,Engineering_Bay,,
1612,Emergency_Oxygen_Mask,81,Medical_Bay,,
1613,3D_Printer,36,Engineering_Bay,,
1614,Solar_Panel,47,Power_Bay,,
1615,Laptop,13,Command_Center,,
1616,Handheld_Spectrometer,92,Engineering_Bay,,
1617,Protein_Bars,46,Storage_Bay,,
1618,Handheld_Spectrometer,28,Lab,,
1619,Battery_Pack,23,Power_Bay,,
1620,Laptop,8,Command_Center,,
1621,Oxygen_Cylinder,61,Crew_Quarters,,
1622,3D_Printer,79,Lab,,
1623,Tether_Reel,35,Airlock,,
1624,Food_Packet,67,Crew_Quarters,,
1625,Helmet_Visor,49,Crew_Quarters,,
1626,Waste_Management_Kit,18,Sanitation_Bay,,
1627,Gyroscope_Module,4,Cockpit,,
1628,Emergency_Beacon,39,Cockpit,,
1629,EV_Suit_Battery,41,Airlock,,
1630,Pressure_Regulator,64,Airlock,,
1631,LED_Work_Light,3,Engineering_Bay,,
1632,Pressure_Regulator,97,Engineering_Bay,,
1633,3D_Printer,61,Engineering_Bay,,
1634,Handheld_Spectrometer,66,Engineering_Bay,,
1635,Handheld_Spectrometer,13,Lab,,
1636,Helmet_Visor,49,Crew_Quarters,,
1637,Emergency_Oxygen_Mask,35,Medical_Bay,,
1638,Radiation_Shield,3,Storage_Bay,,
1639,Solar_Panel,79,External_Storage,,
1640,Medical_Scanner,60,Lab,,
1641,Handheld_Spectrometer,8,Lab,,
1642,EV_Suit_Battery,14,Airlock,,
1643,CO2_Scrubber,5,Engineering_Bay,,
1644,Helmet_Visor,61,Storage_Bay,,
1645,Emergency_Beacon,29,Command_Center,,
1646,Scientific_Sensor,85,Cockpit,,
1647,Antibiotic_Supply,9,Medical_Bay,,
1648,Emergency_Oxygen_Mask,78,Crew_Quarters,,
1649,Research_Samples,86,Storage_Bay,,
1650,Antibiotic_Supply,79,Lab,,
1651,Medical_Scanner,97,Lab,,
1652,Emergency_Beacon,37,Cockpit,,
1653,Emergency_Beacon,25,Command_Center,,
1654,Antibiotic_Supply,55,Medical_Bay,,
1655,Fire_Extinguisher,56,Crew_Quarters,,
1656,Water_Purification_Unit,75,Crew_Quarters,,
1657,3D_Printer,19,Lab,,
1658,LED_Work_Light,89,Maintenance_Bay,,
1659,Antibiotic_Supply,65,Lab,,
1660,Emergency_Beacon,14,Command_Center,,
1661,Medical_Scanner,33,Medical_Bay,,
1662,Medical_Scanner,25,Medical_Bay,,
1663,Tool_Kit,37,Storage_Bay,,
1664,Medical_Scanner,82,Medical_Bay,,
1665,EV_Suit_Battery,76,Airlock,,
1666,LED_Work_Light,35,Maintenance_Bay,,
1667,Research_Samples,94,Storage_Bay,,
1668,Laptop,50,Crew_Quarters,,
1669,Cooling_System,54,Engineering_Bay,,
1670,Seed_Packets,12,Greenhouse,,
1671,Emergency_Oxygen_Mask,67,Crew_Quarters,,
1672,CO2_Scrubber,41,Life_Support,,
1673,Emergency_Beacon,7,Cockpit,,
1674,Gyroscope_Module,43,Cockpit,,
1675,Emergency_Beacon,65,Command_Center,,
1676,EV_Suit_Battery,54,Storage_Bay,,
1677,Laptop,96,Command_Center,,
1678,Food_Packet,9,Storage_Bay,,
1679,Tether_Reel,43,Airlock,,
1680,3D_Printer,76,Engineering_Bay,,
1681,Protein_Bars,77,Storage_Bay,,
1682,Navigation_Module,40,Command_Center,,
1683,Cooling_System,34,Engineering_Bay,,
1684,Seed_Packets,9,Lab,,
1685,First_Aid_Kit,6,Crew_Quarters,,
1686,Lab_Microscope,87,Lab,,
1687,Tether_Reel,34,External_Storage,,
1688,Lab_Microscope,9,Medical_Bay,,
1689,Circuit_Board,38,Engineering_Bay,,
1690,Emergency_Beacon,76,Command_Center,,
1691,Oxygen_Cylinder,23,Crew_Quarters,,
1692,Antibiotic_Supply,55,Lab,,
1693,Waste_Management_Kit,24,Sanitation_Bay,,
1694,Water_Bottle,2,Storage_Bay,,
1695,Food_Packet,7,Crew_Quarters,,
1696,CO2_Scrubber,80,Engineering_Bay,,
1697,Battery_Pack,64,External_Storage,,
1698,Asteroid_Sample_Container,92,Lab,,
1699,Water_Purification_Unit,53,Crew_Quarters,,
1700,Protein_Bars,71,Crew_Quarters,,
1701,Space_Suit,100,Airlock,,
1702,Battery_Pack,52,External_Storage,,
1703,Tool_Kit,39,Storage_Bay,,
1704,CO2_Scrubber,41,Life_Support,,
1705,Gyroscope_Module,68,Cockpit,,
1706,Battery_Pack,77,Power_Bay,,
1707,Helmet_Visor,15,Crew_Quarters,,
1708,Antibiotic_Supply,75,Medical_Bay,,
1709,Emergency_Oxygen_Mask,20,Crew_Quarters,,
1710,Navigation_Module,4,Cockpit,,
1711,Water_Purification_Unit,13,Crew_Quarters,,
1712,Radiation_Shield,12,Engineering_Bay,,
1713,Thruster_Fuel,82,Engine_Bay,,
1714,EV_Suit_Battery,18,Storage_Bay,,
1715,Pressure_Regulator,43,Engineering_Bay,,
1716,Communication_Device,58,Crew_Quarters,,
1717,Oxygen_Cylinder,60,Crew_Quarters,,
1718,Helmet_Visor,49,Crew_Quarters,,
1719,Circuit_Board,64,Storage_Bay,,
1720,Microgravity_Lab_Kit,92,Crew_Quarters,,
1721,EV_Suit_Battery,8,Storage_Bay,,
1722,LED_Work_Light,48,Maintenance_Bay,,
1723,Space_Suit,4,Storage_Bay,,
1724,Radiation_Shield,85,Storage_Bay,,
1725,Waste_Management_Kit,64,Engineering_Bay,,
1726,Oxygen_Cylinder,70,Airlock,,
1727,Helmet_Visor,73,Storage_Bay,,
1728,Vacuum_Sealed_Tools,5,Storage_Bay,,
1729,Emergency_Beacon,8,Cockpit,,
1730,Tether_Reel,16,Airlock,,
1731,Vacuum_Sealed_Tools,54,Storage_Bay,,
1732,Water_Bottle,44,Storage_Bay,,
1733,Water_Bottle,97,Storage_Bay,,
1734,CO2_Scrubber,90,Engineering_Bay,,
1735,Oxygen_Cylinder,84,Crew_Quarters,,
1736,Pressure_Regulator,48,Engineering_Bay,,
1737,Protein_Bars,90,Storage_Bay,,
1738,3D_Printer,80,Engineering_Bay,,
1739,EV_Suit_Battery,27,Storage_Bay,,
1740,EV_Suit_Battery,78,Airlock,,
1741,Emergency_Beacon,53,Cockpit,,
1742,Medical_Scanner,95,Medical_Bay,,
1743,Fire_Extinguisher,49,Engineering_Bay,,
1744,Research_Samples,14,Storage_Bay,,
1745,Microgravity_Lab_Kit,15,Crew_Quarters,,
1746,Fire_Extinguisher,83,Engineering_Bay,,
1747,Thruster_Fuel,33,Engine_Bay,,
1748,Tool_Kit,9,Maintenance_Bay,,
1749,Antibiotic_Supply,39,Lab,,
1750,Scientific_Sensor,12,Cockpit,,
1751,Navigation_Module,80,Command_Center,,
1752,Communication_Device,82,Crew_Quarters,,
1753,Laptop,80,Command_Center,,
1754,Asteroid_Sample_Container,20,Storage_Bay,,
1755,Laptop,34,Crew_Quarters,,
1756,Solar_Panel,48,Power_Bay,,
1757,Oxygen_Cylinder,53,Airlock,,
1758,Water_Bottle,51,Crew_Quarters,,
1759,Oxygen_Cylinder,97,Airlock,,
1760,EV_Suit_Battery,97,Storage_Bay,,
1761,Vacuum_Sealed_Tools,94,Maintenance_Bay,,
1762,Pressure_Regulator,27,Engineering_Bay,,
1763,Research_Samples,83,Lab,,
1764,Water_Bottle,75,Crew_Quarters,,
1765,Handheld_Spectrometer,2,Engineering_Bay,,
1766,Waste_Management_Kit,81,Sanitation_Bay,,
1767,Antibiotic_Supply,46,Medical_Bay,,
1768,Asteroid_Sample_Container,95,Lab,,
1769,Helmet_Visor,2,Crew_Quarters,,
1770,Battery_Pack,2,External_Storage,,
1771,Water_Bottle,100,Storage_Bay,,
1772,Radiation_Shield,39,Engineering_Bay,,
1773,Fire_Extinguisher,87,Crew_Quarters,,
1774,Waste_Management_Kit,88,Sanitation_Bay,,
1775,Helmet_Visor,49,Storage_Bay,,
1776,Circuit_Board,40,Storage_Bay,,
1777,Battery_Pack,6,External_Storage,,
1778,3D_Printer,88,Engineering_Bay,,
1779,Solar_Panel,18,Power_Bay,,
1780,Oxygen_Cylinder,32,Crew_Quarters,,
1781,Oxygen_Cylinder,4,Airlock,,
1782,Laptop,52,Command_Center,,
1783,Scientific_Sensor,94,Lab,,
1784,Gyroscope_Module,1,Cockpit,,
1785,Antibiotic_Supply,19,Medical_Bay,,
1786,CO2_Scrubber,57,Engineering_Bay,,
1787,Space_Suit,97,Storage_Bay,,
1788,LED_Work_Light,64,Engineering_Bay,,
1789,Solar_Panel,18,Power_Bay,,
1790,Vacuum_Sealed_Tools,30,Storage_Bay,,
1791,Space_Suit,75,Airlock,,
1792,3D_Printer,11,Engineering_Bay,,
1793,Antibiotic_Supply,67,Lab,,
1794,Microgravity_Lab_Kit,19,Lab,,
1795,Tether_Reel,82,External_Storage,,
1796,3D_Printer,20,Lab,,
1797,Food_Packet,20,Crew_Quarters,,
1798,Thruster_Fuel,72,Storage_Bay,,
1799,Asteroid_Sample_Container,10,Lab,,
1800,Asteroid_Sample_Container,86,Storage_Bay,,
1801,LED_Work_Light,33,Maintenance_Bay,,
1802,Food_Packet,31,Storage_Bay,,
1803,Emergency_Oxygen_Mask,43,Medical_Bay,,
1804,Emergency_Oxygen_Mask,63,Crew_Quarters,,
1805,Navigation_Module,83,Cockpit,,
1806,Navigation_Module,49,Command_Center,,
1807,Solar_Panel,37,External_Storage,,
1808,Gyroscope_Module,90,Cockpit,,
1809,Radiation_Shield,73,Engineering_Bay,,
1810,Water_Purification_Unit,72,Crew_Quarters,,
1811,Handheld_Spectrometer,82,Engineering_Bay,,
1812,Seed_Packets,4,Greenhouse,,
1813,Water_Bottle,4,Storage_Bay,,
1814,Battery_Pack,25,External_Storage,,
1815,Navigation_Module,4,Command_Center,,
1816,Protein_Bars,84,Storage_Bay,,
1817,CO2_Scrubber,21,Life_Support,,
1818,Pressure_Regulator,2,Engineering_Bay,,
1819,Waste_Management_Kit,39,Sanitation_Bay,,
1820,Antibiotic_Supply,89,Medical_Bay,,
1821,Lab_Microscope,60,Medical_Bay,,
1822,Protein_Bars,54,Crew_Quarters,,
1823,Battery_Pack,49,Power_Bay,,
1824,Helmet_Visor,88,Crew_Quarters,,
1825,EV_Suit_Battery,69,Storage_Bay,,
1826,Handheld_Spectrometer,31,Engineering_Bay,,
1827,Solar_Panel,26,External_Storage,,
1828,Fire_Extinguisher,58,Crew_Quarters,,
1829,Solar_Panel,46,Power_Bay,,
1830,Handheld_Spectrometer,13,Lab,,
1831,Waste_Management_Kit,8,Sanitation_Bay,,
1832,Space_Suit,59,Storage_Bay,,
1833,EV_Suit_Battery,64,Storage_Bay,,
1834,Solar_Panel,93,External_Storage,,
1835,Emergency_Oxygen_Mask,57,Medical_Bay,,
1836,Space_Suit,85,Airlock,,
1837,Navigation_Module,31,Command_Center,,
1838,EV_Suit_Battery,87,Airlock,,
1839,Lab_Microscope,9,Medical_Bay,,
1840,Handheld_Spectrometer,58,Engineering_Bay,,
1841,Cooling_System,59,Engineering_Bay,,
1842,Gyroscope_Module,63,Engineering_Bay,,
1843,Pressure_Regulator,14,Airlock,,
1844,Seed_Packets,20,Greenhouse,,
1845,Oxygen_Cylinder,94,Crew_Quarters,,
1846,Cooling_System,59,Power_Bay,,
1847,Research_Samples,13,Lab,,
1848,LED_Work_Light,64,Engineering_Bay,,
1849,First_Aid_Kit,57,Crew_Quarters,,
1850,Circuit_Board,32,Engineering_Bay,,
1851,Research_Samples,91,Lab,,
1852,Emergency_Beacon,79,Cockpit,,
1853,CO2_Scrubber,72,Life_Support,,
1854,Handheld_Spectrometer,26,Engineering_Bay,,
1855,Helmet_Visor,5,Storage_Bay,,
1856,Medical_Scanner,51,Medical_Bay,,
1857,Water_Purification_Unit,87,Life_Support,,
1858,Battery_Pack,1,External_Storage,,
1859,Navigation_Module,93,Cockpit,,
1860,Fire_Extinguisher,16,Engineering_Bay,,
1861,Tether_Reel,67,Airlock,,
1862,Scientific_Sensor,26,Lab,,
1863,Handheld_Spectrometer,64,Engineering_Bay,,
1864,Oxygen_Cylinder,14,Medical_Bay,,
1865,Water_Bottle,92,Storage_Bay,,
1866,Vacuum_Sealed_Tools,23,Storage_Bay,,
1867,Oxygen_Cylinder,10,Crew_Quarters,,
1868,Emergency_Oxygen_Mask,54,Medical_Bay,,
1869,Fire_Extinguisher,32,Engineering_Bay,,
1870,Thruster_Fuel,21,Engine_Bay,,
1871,Solar_Panel,4,Power_Bay,,
1872,Lab_Microscope,39,Medical_Bay,,
1873,Solar_Panel,81,Power_Bay,,
1874,Oxygen_Cylinder,24,Medical_Bay,,
1875,Emergency_Oxygen_Mask,55,Medical_Bay,,
1876,Radiation_Shield,54,Engineering_Bay,,
1877,Laptop,97,Command_Center,,
1878,Tool_Kit,52,Maintenance_Bay,,
1879,Circuit_Board,53,Storage_Bay,,
1880,Microgravity_Lab_Kit,40,Crew_Quarters,,
1881,Oxygen_Cylinder,6,Medical_Bay,,
1882,First_Aid_Kit,75,Crew_Quarters,,
1883,LED_Work_Light,74,Maintenance_Bay,,
1884,Tool_Kit,46,Maintenance_Bay,,
1885,Circuit_Board,57,Engineering_Bay,,
1886,Helmet_Visor,64,Crew_Quarters,,
1887,EV_Suit_Battery,12,Storage_Bay,,
1888,Oxygen_Cylinder,42,Medical_Bay,,
1889,Pressure_Regulator,62,Engineering_Bay,,
1890,Water_Bottle,60,Crew_Quarters,,
1891,First_Aid_Kit,88,Crew_Quarters,,
1892,Water_Bottle,80,Crew_Quarters,,
1893,Food_Packet,54,Crew_Quarters,,
1894,Emergency_Oxygen_Mask,96,Medical_Bay,,
1895,Seed_Packets,82,Lab,,
1896,Waste_Management_Kit,40,Engineering_Bay,,
1897,Communication_Device,5,Crew_Quarters,,
1898,Radiation_Shield,39,Storage_Bay,,
1899,First_Aid_Kit,28,Crew_Quarters,,
1900,Laptop,66,Crew_Quarters,,
1901,First_Aid_Kit,12,Medical_Bay,,
1902,Seed_Packets,90,Greenhouse,,
1903,Thruster_Fuel,86,Engine_Bay,,
1904,Helmet_Visor,18,Storage_Bay,,
1905,Solar_Panel,7,External_Storage,,
1906,First_Aid_Kit,100,Medical_Bay,,
1907,Water_Purification_Unit,56,Crew_Quarters,,
1908,Scientific_Sensor,62,Lab,,
1909,Handheld_Spectrometer,48,Lab,,
1910,Gyroscope_Module,61,Cockpit,,
1911,Space_Suit,55,Airlock,,
1912,Helmet_Visor,32,Crew_Quarters,,
1913,CO2_Scrubber,73,Engineering_Bay,,
1914,Helmet_Visor,66,Crew_Quarters,,
1915,Laptop,85,Crew_Quarters,,
1916,Navigation_Module,39,Command_Center,,
1917,Cooling_System,84,Engineering_Bay,,
1918,Thruster_Fuel,79,Storage_Bay,,
1919,Battery_Pack,70,External_Storage,,
1920,Food_Packet,63,Storage_Bay,,
1921,Radiation_Shield,15,Engineering_Bay,,
1922,Seed_Packets,12,Greenhouse,,
1923,LED_Work_Light,55,Maintenance_Bay,,
1924,Tether_Reel,100,External_Storage,,
1925,CO2_Scrubber,83,Engineering_Bay,,
1926,Waste_Management_Kit,52,Sanitation_Bay,,
1927,Food_Packet,90,Storage_Bay,,
1928,3D_Printer,38,Engineering_Bay,,
1929,Pressure_Regulator,46,Airlock,,
1930,Tether_Reel,93,External_Storage,,
1931,Handheld_Spectrometer,21,Lab,,
1932,Food_Packet,24,Crew_Quarters,,
1933,Space_Suit,10,Airlock,,
1934,Oxygen_Cylinder,76,Airlock,,
1935,Microgravity_Lab_Kit,3,Lab,,
1936,Gyroscope_Module,45,Cockpit,,
1937,Water_Bottle,12,Crew_Quarters,,
1938,Space_Suit,12,Airlock,,
1939,Tether_Reel,92,External_Storage,,
1940,LED_Work_Light,97,Engineering_Bay,,
1941,Emergency_Oxygen_Mask,6,Crew_Quarters,,
1942,Vacuum_Sealed_Tools,24,Storage_Bay,,
1943,Pressure_Regulator,65,Airlock,,
1944,Communication_Device,49,Crew_Quarters,,
1945,Emergency_Beacon,25,Command_Center,,
1946,Cooling_System,60,Power_Bay,,
1947,Helmet_Visor,76,Storage_Bay,,
1948,LED_Work_Light,78,Engineering_Bay,,
1949,Medical_Scanner,5,Lab,,
1950,Protein_Bars,47,Crew_Quarters,,
1951,Lab_Microscope,79,Lab,,
1952,Lab_Microscope,70,Medical_Bay,,
1953,Vacuum_Sealed_Tools,25,Maintenance_Bay,,
1954,Vacuum_Sealed_Tools,86,Maintenance_Bay,,
1955,Tether_Reel,50,External_Storage,,
1956,First_Aid_Kit,43,Medical_Bay,,
1957,Gyroscope_Module,76,Engineering_Bay,,
1958,Oxygen_Cylinder,59,Medical_Bay,,
1959,Thruster_Fuel,8,Storage_Bay,,
1960,Tool_Kit,88,Maintenance_Bay,,
1961,Water_Purification_Unit,94,Life_Support,,
1962,Gyroscope_Module,93,Cockpit,,
1963,Space_Suit,56,Storage_Bay,,
1964,3D_Printer,30,Lab,,
1965,Fire_Extinguisher,89,Crew_Quarters,,
1966,Fire_Extinguisher,7,Crew_Quarters,,
1967,Communication_Device,84,Command_Center,,
1968,Laptop,78,Crew_Quarters,,
1969,3D_Printer,32,Lab,,
1970,First_Aid_Kit,10,Medical_Bay,,
1971,Water_Bottle,12,Crew_Quarters,,
1972,Laptop,36,Command_Center,,
1973,Radiation_Shield,43,Storage_Bay,,
1974,Battery_Pack,30,Power_Bay,,
1975,Radiation_Shield,66,Engineering_Bay,,
1976,Helmet_Visor,80,Crew_Quarters,,
1977,Water_Bottle,17,Crew_Quarters,,
1978,Asteroid_Sample_Container,74,Lab,,
1979,Waste_Management_Kit,49,Engineering_Bay,,
1980,Water_Bottle,22,Storage_Bay,,
1981,Fire_Extinguisher,72,Engineering_Bay,,
1982,Emergency_Beacon,32,Cockpit,,
1983,Oxygen_Cylinder,55,Medical_Bay,,
1984,CO2_Scrubber,19,Engineering_Bay,,
1985,Navigation_Module,60,Cockpit,,
1986,Antibiotic_Supply,93,Lab,,
1987,Oxygen_Cylinder,63,Airlock,,
1988,Cooling_System,85,Power_Bay,,
1989,Gyroscope_Module,95,Engineering_Bay,,
1990,Antibiotic_Supply,10,Medical_Bay,,
1991,Oxygen_Cylinder,86,Crew_Quarters,,
1992,Protein_Bars,10,Storage_Bay,,
1993,Solar_Panel,94,Power_Bay,,
1994,Microgravity_Lab_Kit,77,Crew_Quarters,,
1995,Radiation_Shield,16,Storage_Bay,,
1996,Water_Bottle,97,Storage_Bay,,
1997,Water_Purification_Unit,92,Life_Support,,
1998,Thruster_Fuel,8,Engine_Bay,,
1999,Emergency_Oxygen_Mask,95,Crew_Quarters,,
2000,Research_Samples,56,Lab,G04,ML-predicted placement (alternate)
